open;high;low;close;volume;marketCap;timestamp
2.4737200737;2.6478800774;1.2310600281;1.6024700403;246540;1382563.24221;"2014-05-21T00:00:00.000Z"
4.0430297852;4.0430297852;2.8032999039;3.1385600567;283545;2993339.41728;"2014-05-25T00:00:00.000Z"
2.2054400444;2.4940900803;1.6765300035;1.6765300035;109157;1742651.60972;"2014-05-29T00:00:00.000Z"
1.7308199406;2.0957300663;1.6537599564;1.9307999611;91331.6;2238383.43915;"2014-06-03T00:00:00.000Z"
1.2397700548;1.6893800497;1.2131500244;1.3607599735;44187;1702749.94529;"2014-06-07T00:00:00.000Z"
1.6192799807;2.1718199253;1.526309967;1.7351499796;108619;2371183.54749;"2014-06-12T00:00:00.000Z"
2.7212500572;3.5503399372;2.6193299294;3.1848700047;438776;4648756.48084;"2014-06-16T00:00:00.000Z"
4.3331999779;5.8546500206;4.1378102303;5.0106801987;723077;7903316.12626;"2014-06-21T00:00:00.000Z"
3.2279000282;3.387720108;2.6332600117;3.387720108;217183;5647798.86268;"2014-06-25T00:00:00.000Z"
2.5462698936;2.7016699314;2.4387500286;2.5046200752;124575;4468631.54841;"2014-06-30T00:00:00.000Z"
2.6445300579;2.9979701042;2.5411500931;2.6443500519;148555;4959603.70108;"2014-07-04T00:00:00.000Z"
2.298500061;2.3104000092;1.9855300188;2.0088999271;69553.9;3993540.02138;"2014-07-09T00:00:00.000Z"
1.7329599857;1.9747600555;1.4625999928;1.7884800434;122049;3716083.17648;"2014-07-13T00:00:00.000Z"
3.0328199863;3.2869598866;2.4550900459;2.6248300076;348336;5750090.40158;"2014-07-18T00:00:00.000Z"
3.0858299732;3.3172299862;3.0129799843;3.2010900974;262049;7297672.92341;"2014-07-22T00:00:00.000Z"
2.6221599579;2.6453399658;2.450040102;2.5514500141;111827;6098665.23516;"2014-07-27T00:00:00.000Z"
2.5188999176;2.6370000839;2.4852499962;2.5516600609;111065;6324973.60907;"2014-07-31T00:00:00.000Z"
2.0090401173;2.1950600147;1.9785200357;2.1532399654;94390.7;5571027.55791;"2014-08-05T00:00:00.000Z"
2.1717300415;2.1784501076;2.0817399025;2.1019599438;72350.9;5621494.80544;"2014-08-09T00:00:00.000Z"
1.9132599831;1.9165500402;1.6880999804;1.7602599859;99815.4;4882408.20361;"2014-08-14T00:00:00.000Z"
1.4691400528;1.6484999657;1.3449599743;1.4469399452;108222;4013356.96211;"2014-08-18T00:00:00.000Z"
1.7751899958;1.8646700382;1.7257599831;1.8136099577;81315.9;5388455.87289;"2014-08-23T00:00:00.000Z"
2.0094799995;2.0425100327;1.9358299971;2.0104401112;125364;6142537.48352;"2014-08-27T00:00:00.000Z"
2.1746799946;2.2802500725;1.9693499804;2.0386800766;268279;6443261.2275;"2014-09-01T00:00:00.000Z"
2.0466899872;2.1111199856;1.8577400446;1.9763400555;168193;6410295.76277;"2014-09-05T00:00:00.000Z"
1.7665300369;2.076280117;1.7635999918;1.9661999941;280005;6580229.52403;"2014-09-10T00:00:00.000Z"
1.8504300117;1.8934999704;1.7946900129;1.8197900057;123269;6242056.89054;"2014-09-14T00:00:00.000Z"
1.5677499771;1.5908999443;1.3760199547;1.4543700218;171739;5135864.07138;"2014-09-19T00:00:00.000Z"
1.2603499889;1.4994299412;1.2256599665;1.4655300379;205229;5293283.2516;"2014-09-23T00:00:00.000Z"
1.3055900335;1.3699599504;1.2077399492;1.2196899652;84412.7;4528356.10064;"2014-09-28T00:00:00.000Z"
1.2157599926;1.2248500586;1.1786999702;1.1891900301;61823.9;4510961.00649;"2014-10-02T00:00:00.000Z"
0.9804930091;1.0122300386;0.9006900191;1.0046000481;68251.9;3910827.68639;"2014-10-07T00:00:00.000Z"
1.1382499933;1.1484299898;1.0612900257;1.0767099857;81875.6;4277277.08848;"2014-10-11T00:00:00.000Z"
0.9869539738;1.0258899927;0.9183400273;0.999458015;59154.3;4067598.60132;"2014-10-16T00:00:00.000Z"
0.995675981;1.0053399801;0.9168239832;0.9503939748;86281.1;3942140.87245;"2014-10-20T00:00:00.000Z"
0.7638260126;0.7713080049;0.6717650294;0.7398020029;54596.1;3140365.73441;"2014-10-25T00:00:00.000Z"
0.6877750158;0.6992459893;0.6217679977;0.6330599785;23967.1;2735478.86673;"2014-10-29T00:00:00.000Z"
0.5779250264;0.5992599726;0.5511779785;0.5763229728;40900.2;2545524.87225;"2014-11-03T00:00:00.000Z"
0.5902780294;0.6194850206;0.5783230066;0.61629498;29986.5;2769964.6829;"2014-11-07T00:00:00.000Z"
0.7185419798;0.7638249993;0.6951580048;0.7323200107;75047.2;3359471.29439;"2014-11-12T00:00:00.000Z"
0.6388819814;0.6576769948;0.6262720227;0.654531002;27106.9;3051898.81947;"2014-11-16T00:00:00.000Z"
0.5169950128;0.5632500052;0.5000910163;0.532490015;34457.8;2532840.17317;"2014-11-21T00:00:00.000Z"
0.531602025;0.6404259801;0.5308899879;0.5954710245;84303.4;2876753.81282;"2014-11-25T00:00:00.000Z"
0.5713859797;0.5807750225;0.5628839731;0.5675519705;14933.1;2776542.61233;"2014-11-30T00:00:00.000Z"
0.5088739991;0.517185986;0.4538129866;0.4564679861;18051.8;2280732.54926;"2014-12-04T00:00:00.000Z"
0.4483090043;0.4495249987;0.3804599941;0.3896079957;28887.2;1970968.89197;"2014-12-09T00:00:00.000Z"
0.375526011;0.3847059906;0.3685989976;0.3759610057;17427.7;1901930.74987;"2014-12-13T00:00:00.000Z"
0.3381769955;0.3526200056;0.3049040139;0.3163830042;17760.3;1600534.51405;"2014-12-18T00:00:00.000Z"
0.3438960016;0.3617039919;0.3304879963;0.3447990119;19493;1834842.28406;"2014-12-22T00:00:00.000Z"
0.4329130054;0.5376809835;0.4099000096;0.5105730295;98085.9;2762745.45593;"2014-12-27T00:00:00.000Z"
0.4866079986;0.4884169996;0.4244349897;0.4346599877;37598.2;2382827.20371;"2014-12-31T00:00:00.000Z"
0.4113759995;0.44728899;0.3930239975;0.4214119911;35008.3;2346913.25189;"2015-01-05T00:00:00.000Z"
0.4284259975;0.441486001;0.4132620096;0.4318009913;15356.8;2433375.63119;"2015-01-09T00:00:00.000Z"
0.3004089892;0.3047220111;0.2129669935;0.2235219926;20845.1;1279605.71485;"2015-01-14T00:00:00.000Z"
0.2487300038;0.2697809935;0.2327509969;0.2586559951;11861.1;1498598.97161;"2015-01-18T00:00:00.000Z"
0.2739929855;0.2895739973;0.2554639876;0.2831409872;12268.9;1664758.66704;"2015-01-23T00:00:00.000Z"
0.3165400028;0.3305929899;0.2887459993;0.320371002;17843.5;1905485.21234;"2015-01-27T00:00:00.000Z"
0.2836099863;0.3111509979;0.272702992;0.2999539971;17050.5;1809689.39683;"2015-02-01T00:00:00.000Z"
0.289485991;0.2980880141;0.2669880092;0.2722730041;13745.7;1661116.15418;"2015-02-05T00:00:00.000Z"
0.2528969944;0.2549319863;0.2373970002;0.2447189987;14973.3;1513560.74463;"2015-02-10T00:00:00.000Z"
0.2552419901;0.2821600139;0.2521220148;0.2803219855;19546;1752528.48735;"2015-02-14T00:00:00.000Z"
0.2490559965;0.3028039932;0.2454109937;0.2827909887;35328.6;1791436.60689;"2015-02-19T00:00:00.000Z"
0.3142069876;0.355874002;0.3019919991;0.3378869891;82507.2;2162911.56406;"2015-02-23T00:00:00.000Z"
0.3855490088;0.4374060035;0.3797419965;0.4272269905;68061.7;2769374.95598;"2015-02-28T00:00:00.000Z"
0.4153670073;0.4231959879;0.3908149898;0.413150996;21345;2705063.72627;"2015-03-04T00:00:00.000Z"
0.4895310104;0.6772620082;0.4642069936;0.6348900199;110877;4208460.08461;"2015-03-09T00:00:00.000Z"
0.6788979769;0.6876850128;0.6329749823;0.6448220015;56953.4;4316198.66618;"2015-03-13T00:00:00.000Z"
0.806746006;0.8207299709;0.7406929731;0.7522209883;61110.5;5083062.36205;"2015-03-17T00:00:00.000Z"
0.7432410121;0.8060979843;0.7306749821;0.7773470283;108985;5313918.58673;"2015-03-22T00:00:00.000Z"
0.7678110003;0.7787860036;0.737119019;0.7463279963;44427.2;5149571.47676;"2015-03-26T00:00:00.000Z"
0.8705589771;1.0191999674;0.8488759995;0.9070590138;216122;6330412.50616;"2015-03-31T00:00:00.000Z"
0.9402430058;0.9913039804;0.714985013;0.8592900038;128977;6050771.90983;"2015-04-04T00:00:00.000Z"
0.7553250194;0.7629089952;0.6992830038;0.7582070231;24374.1;5397262.31507;"2015-04-09T00:00:00.000Z"
0.8004050255;0.8010730147;0.6759229898;0.6917409897;66159.4;4966924.27524;"2015-04-13T00:00:00.000Z"
0.6581190228;0.7203729749;0.6545860171;0.6942489743;39375.2;5037855.54908;"2015-04-18T00:00:00.000Z"
0.6318230033;0.6336039901;0.5757920146;0.5763310194;29955.5;4217359.47279;"2015-04-22T00:00:00.000Z"
0.556475997;0.5731459856;0.5298410058;0.5660880208;26268.3;4185268.36153;"2015-04-27T00:00:00.000Z"
0.5029249787;0.5275200009;0.4927949905;0.4999980032;13569.5;3712412.64414;"2015-05-01T00:00:00.000Z"
0.4712629914;0.48091501;0.445021987;0.4582569897;29927.8;3402491.7721;"2015-05-06T00:00:00.000Z"
0.5150700212;0.574015975;0.4981719851;0.5651029944;25841.9;4287548.9976;"2015-05-10T00:00:00.000Z"
0.495878011;0.5693680048;0.4957560003;0.5449650288;36937.1;4175328.4438;"2015-05-15T00:00:00.000Z"
0.5349820256;0.5503739715;0.495833993;0.5146600008;64156.6;3973479.90391;"2015-05-19T00:00:00.000Z"
0.4707520008;0.4838480055;0.4679020047;0.4796029925;12798.5;3737638.94421;"2015-05-24T00:00:00.000Z"
0.4259350002;0.4533630013;0.4212839901;0.4436370134;29630.1;3482979.68079;"2015-05-28T00:00:00.000Z"
0.4547689855;0.4651939869;0.4432010055;0.4555389881;42022.1;3609143.95171;"2015-06-02T00:00:00.000Z"
0.5048339963;0.5315129757;0.4947839975;0.5264279842;61551.8;4201331.69063;"2015-06-06T00:00:00.000Z"
0.479595989;0.4911350012;0.4584110081;0.4628520012;39600.6;3726365.89708;"2015-06-11T00:00:00.000Z"
0.495178014;0.5154399872;0.4932059944;0.5082240105;27099.7;4120235.33496;"2015-06-15T00:00:00.000Z"
0.5141879916;0.5469059944;0.5038380027;0.53798002;46905.9;4399723.22343;"2015-06-20T00:00:00.000Z"
0.5269479752;0.5311229825;0.5022540092;0.5065060258;30721.6;4170298.24172;"2015-06-24T00:00:00.000Z"
0.4697059989;0.5066159964;0.4540289938;0.4934470057;38115.8;4097277.06114;"2015-06-29T00:00:00.000Z"
0.4926739931;0.4991100132;0.4836220145;0.4911960065;19161.4;4105424.29688;"2015-07-03T00:00:00.000Z"
0.5114099979;0.5232089758;0.5016459823;0.513989985;19412.7;4331131.26869;"2015-07-08T00:00:00.000Z"
0.5391349792;0.6457599998;0.5391349792;0.6280940175;66011.7;5295267.7838;"2015-07-12T00:00:00.000Z"
0.5363429785;0.5379559994;0.5073980093;0.5351819992;10526.1;4574933.01123;"2015-07-17T00:00:00.000Z"
0.5490139723;0.5977320075;0.5460389853;0.5875779986;44362.5;5054354.5454;"2015-07-21T00:00:00.000Z"
0.5693989992;0.6025310159;0.555629015;0.5847229958;19208.7;5069281.58995;"2015-07-26T00:00:00.000Z"
0.5899199843;0.5899199843;0.5712760091;0.5832279921;18355.8;5086778.15889;"2015-07-30T00:00:00.000Z"
0.5950260162;0.6200820208;0.5855500102;0.6184059978;23130.3;5434814.04206;"2015-08-04T00:00:00.000Z"
0.7428979874;0.7445129752;0.6757749915;0.6760460138;58680.3;5976609.01416;"2015-08-08T00:00:00.000Z"
0.6156259775;0.6346510053;0.5642439723;0.5758550167;51259.7;5128840.84729;"2015-08-13T00:00:00.000Z"
0.6199020147;0.6264879704;0.5862129927;0.610122025;45312;5465292.63931;"2015-08-17T00:00:00.000Z"
0.5678009987;0.5733100176;0.5368599892;0.5530840158;22258.2;4990100.28074;"2015-08-22T00:00:00.000Z"
0.4900839925;0.5196560025;0.4820420146;0.496679008;18296.1;4506524.39156;"2015-08-26T00:00:00.000Z"
0.4658629894;0.4800049961;0.4569430053;0.467238009;20464;4269082.83223;"2015-08-31T00:00:00.000Z"
0.4596050084;0.474420011;0.4551169872;0.4678739905;19212.6;4298383.44883;"2015-09-04T00:00:00.000Z"
0.5171219707;0.532130003;0.4959520102;0.5060110092;46479.1;4680468.73591;"2015-09-09T00:00:00.000Z"
0.464892;0.4769769907;0.451274991;0.462864995;18133.1;4304319.61646;"2015-09-13T00:00:00.000Z"
0.494870007;0.5045800209;0.4820089936;0.5004400015;12727.1;4684714.5032;"2015-09-18T00:00:00.000Z"
0.4810059965;0.4816330075;0.4592100084;0.4718289971;20004.2;4440191.01576;"2015-09-22T00:00:00.000Z"
0.4450399876;0.4517990053;0.4364530146;0.4377099872;15986.3;4145901.77128;"2015-09-27T00:00:00.000Z"
0.4010440111;0.4293729961;0.3943940103;0.4046959877;27171.6;3852804.06326;"2015-10-01T00:00:00.000Z"
0.4151270092;0.4268980026;0.4076299965;0.4113779962;13030.7;3941107.45851;"2015-10-06T00:00:00.000Z"
0.3945519924;0.3945519924;0.3842320144;0.387789011;12721.7;3733991.15;"2015-10-10T00:00:00.000Z"
0.383464992;0.4032489955;0.3828490078;0.3908410072;26748.5;3786529.49654;"2015-10-15T00:00:00.000Z"
0.4098150134;0.4147489965;0.3835009933;0.4032120109;30648.6;3925481.66103;"2015-10-19T00:00:00.000Z"
0.3919219971;0.3980929852;0.3804050088;0.3958080113;21783.1;3876807.92631;"2015-10-24T00:00:00.000Z"
0.410769999;0.4492569864;0.4010330141;0.4488289952;41102;4417000.42398;"2015-10-28T00:00:00.000Z"
0.4232000113;0.4458659887;0.4088689983;0.4428859949;45682.5;4384132.22384;"2015-11-02T00:00:00.000Z"
0.4341109991;0.4603219926;0.4004740119;0.4391950071;17578.2;4368037.35088;"2015-11-06T00:00:00.000Z"
0.4575740099;0.4642130136;0.4113599956;0.4502989948;39549.4;4503993.67367;"2015-11-11T00:00:00.000Z"
0.4251550138;0.4381830096;0.4068889916;0.4308100045;23747.2;4328674.36987;"2015-11-15T00:00:00.000Z"
0.4036949873;0.4061380029;0.3793149889;0.3893159926;9764.46;3933837.04064;"2015-11-20T00:00:00.000Z"
0.3909719884;0.398645997;0.3748509884;0.3901480138;13449.1;3959606.12361;"2015-11-24T00:00:00.000Z"
0.3925369978;0.4077669978;0.3833810091;0.4011470079;14275.6;4093866.8592;"2015-11-29T00:00:00.000Z"
0.3688249886;0.3896659911;0.3626359999;0.3668909967;19257;3760526.91416;"2015-12-03T00:00:00.000Z"
0.4211409986;0.433818996;0.3953070045;0.4293600023;40491.3;4424620.52197;"2015-12-08T00:00:00.000Z"
0.459582001;0.481151998;0.4241920114;0.4553259909;17071;4711878.57508;"2015-12-12T00:00:00.000Z"
0.5190799832;0.5327929854;0.4957840145;0.5012310147;19564.9;5214015.31749;"2015-12-17T00:00:00.000Z"
0.5052139759;0.5150240064;0.4508520067;0.4887450039;56810.2;5105700.8522;"2015-12-21T00:00:00.000Z"
0.4889079928;0.4946849942;0.4363180101;0.4467160106;16968.3;4690757.76348;"2015-12-26T00:00:00.000Z"
0.456351012;0.471401006;0.4376449883;0.4410279989;34389.4;4649702.55552;"2015-12-30T00:00:00.000Z"
0.5061540008;0.5285509825;0.498988986;0.5173879862;29380.6;5482173.36027;"2016-01-04T00:00:00.000Z"
0.4901539981;0.505358994;0.484898001;0.4884169996;19424.3;5195780.77421;"2016-01-08T00:00:00.000Z"
0.481366992;0.5080410242;0.470784992;0.4901129901;51115.5;5234551.43283;"2016-01-12T00:00:00.000Z"
0.4991390109;0.5090399981;0.4355449975;0.450774014;61136;4837868.30636;"2016-01-17T00:00:00.000Z"
0.5316720009;0.5723900199;0.5193369985;0.5493620038;65915;5918574.70989;"2016-01-21T00:00:00.000Z"
0.58286798;0.6449750066;0.5737879872;0.5849819779;85767.6;6332871.91;"2016-01-26T00:00:00.000Z"
0.5160539746;0.522529006;0.4879119992;0.5115280151;40356.7;5558427.54557;"2016-01-30T00:00:00.000Z"
0.4948909879;0.5188760161;0.4919449985;0.5071640015;31219.8;5536865.12027;"2016-02-04T00:00:00.000Z"
0.4782460034;0.5026760101;0.4782460034;0.4816359878;30833.5;5277388.55197;"2016-02-08T00:00:00.000Z"
0.6053299904;0.9038069844;0.6034640074;0.8043109775;1044850;8853758.53942;"2016-02-13T00:00:00.000Z"
0.9520180225;0.9542610049;0.7119050026;0.7331560254;623116;8100207.605;"2016-02-17T00:00:00.000Z"
0.7796400189;0.8264709711;0.7577810287;0.7780299783;131583;8634670.3113;"2016-02-22T00:00:00.000Z"
0.8061929941;0.8244609833;0.7913159728;0.8135949969;75395.8;9061182.14717;"2016-02-26T00:00:00.000Z"
0.846396029;0.8695240021;0.8206689954;0.8276330233;127689;9257927.34155;"2016-03-02T00:00:00.000Z"
1.1952199936;1.2581199408;1.0511100292;1.20291996;912620;13502761.1754;"2016-03-06T00:00:00.000Z"
1.0964599848;1.1403499842;1.0789699554;1.0973299742;134947;12371309.4613;"2016-03-11T00:00:00.000Z"
1.1180200577;1.1795899868;1.1038199663;1.1437200308;221688;12938314.2514;"2016-03-15T00:00:00.000Z"
1.2042399645;1.5264099836;1.1958199739;1.5167399645;979776;17198499.0875;"2016-03-20T00:00:00.000Z"
1.4545999765;1.7269899845;1.3940000534;1.7017099857;1231660;19397090.1628;"2016-03-24T00:00:00.000Z"
1.4888800383;1.531520009;1.4589699507;1.4912099838;324528;17071269.8552;"2016-03-29T00:00:00.000Z"
1.4617999792;1.5741900206;1.458829999;1.5485399961;438901;17786511.2975;"2016-04-02T00:00:00.000Z"
1.5079699755;1.5664399862;1.4962699413;1.500270009;293003;17301745.8262;"2016-04-07T00:00:00.000Z"
1.1198699474;1.1299999952;0.9860460162;1.0224200487;307904;11829576.8569;"2016-04-11T00:00:00.000Z"
0.9904959798;0.9973989725;0.9474300146;0.9779829979;111910;11361445.3878;"2016-04-16T00:00:00.000Z"
1.1145399809;1.1178400517;1.0044499636;1.0622700453;317076;12380443.0878;"2016-04-20T00:00:00.000Z"
1.0217299461;1.0435199738;0.942686975;0.9533619881;209133;11155589.2258;"2016-04-25T00:00:00.000Z"
0.9046869874;0.934122026;0.8726720214;0.8836839795;101368;10372786.19;"2016-04-29T00:00:00.000Z"
0.9174799919;0.9505749941;0.8998439908;0.9164549708;102053;10799862.0844;"2016-05-04T00:00:00.000Z"
0.8805029988;0.8979769945;0.8353459835;0.8505859971;76974.7;10054556.6515;"2016-05-08T00:00:00.000Z"
0.8757389784;0.8833280206;0.8417789936;0.8477630019;66385.6;10049494.3527;"2016-05-13T00:00:00.000Z"
0.8183180094;0.8539999723;0.806392014;0.8133429885;125123;9641475.1355;"2016-05-17T00:00:00.000Z"
0.9753370285;0.9857249856;0.9201840162;0.9387639761;194865;11128232.2023;"2016-05-22T00:00:00.000Z"
0.8658670187;0.9090600014;0.8424389958;0.8601750135;100025;10306523.844;"2016-05-26T00:00:00.000Z"
0.9097250104;0.969137013;0.9015129805;0.9287469983;156718;11169112.6927;"2016-05-31T00:00:00.000Z"
0.9409139752;0.9915189743;0.9404379725;0.9743530154;91403.5;11751515.4018;"2016-06-04T00:00:00.000Z"
0.9944720268;1.2176300287;0.9899950027;1.1148799658;483161;13495664.97;"2016-06-09T00:00:00.000Z"
1.2527799606;1.3679300547;1.2468899488;1.2822400331;276844;15566181.963;"2016-06-13T00:00:00.000Z"
1.7654299736;2.3354001045;1.7654299736;2.0125000477;2663250;24518027.8858;"2016-06-18T00:00:00.000Z"
1.6071900129;1.7222499847;1.4940899611;1.4954999685;376492;18270421.723;"2016-06-22T00:00:00.000Z"
1.4805699587;1.4943900108;1.3818900585;1.4752800465;184373;18086314.1501;"2016-06-27T00:00:00.000Z"
1.5893800259;1.7011499405;1.5813100338;1.6591700315;148728;20397110.7021;"2016-07-01T00:00:00.000Z"
1.7255899906;1.9847700596;1.7249399424;1.9385900497;510090;23915429.8572;"2016-07-06T00:00:00.000Z"
1.9557199478;1.9557199478;1.8602600098;1.912989974;224404;23664698.8274;"2016-07-10T00:00:00.000Z"
2.0079100132;2.031140089;1.940179944;1.9913799763;189098;24717032.6431;"2016-07-15T00:00:00.000Z"
1.9512699842;1.9579099417;1.8523800373;1.902369976;206251;23675169.8342;"2016-07-19T00:00:00.000Z"
1.8965799809;1.9351799488;1.8307900429;1.8809900284;161485;23485866.5338;"2016-07-24T00:00:00.000Z"
1.9438500404;1.947149992;1.8339600563;1.8536200523;190937;23203727.449;"2016-07-28T00:00:00.000Z"
1.6971000433;1.7392200232;1.4289499521;1.4852099419;303492;18651164.6681;"2016-08-02T00:00:00.000Z"
1.7919800282;1.934139967;1.7381299734;1.8831900358;268046;23709863.6803;"2016-08-06T00:00:00.000Z"
2.0151898861;2.0455598831;1.8996399641;1.9766199589;129604;24965156.3468;"2016-08-11T00:00:00.000Z"
2.0059399605;2.2040901184;1.9807100296;2.180560112;849798;27610735.7036;"2016-08-15T00:00:00.000Z"
2.3020598888;2.5534698963;2.2769799232;2.4382901192;1869560;30969886.8036;"2016-08-20T00:00:00.000Z"
4.6631298065;5.0691699982;4.3583598137;4.4243798256;6796020;56337879.6982;"2016-08-24T00:00:00.000Z"
9.3534402847;10.6926002502;8.0702295303;8.4955596924;46191400;108511358.042;"2016-08-29T00:00:00.000Z"
7.973279953;10.6141004562;7.8210301399;10.2135000229;27999500;130774123.462;"2016-09-02T00:00:00.000Z"
12.4383001328;12.8795003891;11.1002998352;11.8298997879;20446100;151939022.006;"2016-09-07T00:00:00.000Z"
12.2575998306;12.4147996902;10.5342998505;10.6863002777;15781800;137571401.453;"2016-09-11T00:00:00.000Z"
9.4985103607;9.8286895752;8.751950264;8.9108695984;7175750;115059295.346;"2016-09-16T00:00:00.000Z"
10.538599968;11.6864995956;10.3248996735;11.1464004517;11094000;144258613.119;"2016-09-20T00:00:00.000Z"
10.616399765;10.6975002289;10.185500145;10.2447004318;2085390;132978253.077;"2016-09-25T00:00:00.000Z"
9.3985900879;9.4131002426;8.3198900223;8.709230423;5237580;113302521.96;"2016-09-29T00:00:00.000Z"
7.9495201111;8.122209549;7.4473400116;7.6505899429;2425600;99818154.5772;"2016-10-04T00:00:00.000Z"
6.8906497955;7.1803197861;6.6166601181;6.8790597916;1795650;89953076.5359;"2016-10-08T00:00:00.000Z"
7.2759799957;7.3118300438;6.7845702171;6.9143300056;2079340;90666981.6324;"2016-10-13T00:00:00.000Z"
6.3945198059;6.4082298279;5.703139782;6.2848901749;3659990;82595590.2105;"2016-10-17T00:00:00.000Z"
6.7855601311;6.8086299896;6.2444701195;6.5164599419;2274680;85874389.5075;"2016-10-22T00:00:00.000Z"
6.0931901932;6.2142801285;5.8155999184;6.1749601364;1630120;81548938.3031;"2016-10-26T00:00:00.000Z"
5.5395298004;5.6095299721;4.8448801041;5.1195502281;3111700;67793894.1688;"2016-10-31T00:00:00.000Z"
4.8623800278;5.1175298691;4.6998300552;4.847509861;2611470;64315853.9563;"2016-11-04T00:00:00.000Z"
5.7658200264;6.8215498924;5.7155599594;6.3161897659;9416390;83993767.6638;"2016-11-08T00:00:00.000Z"
7.4159898758;8.1056900024;6.9741401672;7.1023101807;8454760;94701639.6265;"2016-11-13T00:00:00.000Z"
6.5512399673;6.9695601463;6.2239699364;6.7884497643;4696950;90709715.3692;"2016-11-17T00:00:00.000Z"
6.8068599701;8.2379198074;6.7838301659;7.6880598068;9996320;102998599.327;"2016-11-22T00:00:00.000Z"
7.5466198921;7.812620163;7.4040699005;7.6231598854;1632680;102344923.392;"2016-11-26T00:00:00.000Z"
8.9308395386;9.1274795532;8.3563098907;8.5755596161;5605070;115418047.049;"2016-12-01T00:00:00.000Z"
7.8319802284;8.1456699371;7.681210041;7.9100799561;2413870;106659222.108;"2016-12-05T00:00:00.000Z"
7.9508299828;8.0329799652;7.6712799072;7.7763800621;954105;105139678.494;"2016-12-10T00:00:00.000Z"
8.231760025;8.5898103714;8.1079702377;8.4084596634;3268750;113916190.882;"2016-12-14T00:00:00.000Z"
8.6007003784;8.7745304108;8.3855199814;8.6312198639;1948360;117228938.668;"2016-12-19T00:00:00.000Z"
8.8946895599;9.7852296829;8.8912096024;9.5516500473;4014090;129981146.825;"2016-12-23T00:00:00.000Z"
12.5411996841;14.616399765;12.20470047;14.0944004059;13579500;192277015.518;"2016-12-28T00:00:00.000Z"
13.792599678;14.1712999344;13.4190998077;13.9728002548;3923550;190983757.483;"2017-01-01T00:00:00.000Z"
16.1858997345;16.927400589;13.5777997971;14.029999733;9256850;191975875.841;"2017-01-06T00:00:00.000Z"
13.6977996826;14.0296001434;13.3415002823;13.3913002014;3943650;183236389.605;"2017-01-10T00:00:00.000Z"
11.0726995468;11.1532001495;9.9201898575;10.7621002197;7417420;148071308.524;"2017-01-15T00:00:00.000Z"
12.0549001694;12.3149995804;11.6819000244;12.1487998962;3546870;167461923.798;"2017-01-19T00:00:00.000Z"
12.2529001236;12.2529001236;11.7924003601;11.8142995834;3121430;163226222.046;"2017-01-24T00:00:00.000Z"
12.1248998642;13.0401000977;12.0664997101;12.8475999832;6585960;177825731.792;"2017-01-28T00:00:00.000Z"
13.285900116;13.4207000732;13.0452003479;13.1360998154;2841870;182228686.784;"2017-02-02T00:00:00.000Z"
12.8260002136;12.9247999191;12.5910997391;12.8842000961;2124790;179055142.644;"2017-02-06T00:00:00.000Z"
11.9815998077;12.3859996796;11.9815998077;12.2445001602;2190900;170543482.818;"2017-02-11T00:00:00.000Z"
13.0137996674;13.7385997772;12.8761997223;13.6168003082;4811600;189930188.672;"2017-02-15T00:00:00.000Z"
13.0143995285;13.0143995285;11.4617004395;12.2204999924;8429880;170457304.517;"2017-02-20T00:00:00.000Z"
12.8906002045;12.9715995789;11.3456001282;11.9218997955;8707610;167001154.158;"2017-02-24T00:00:00.000Z"
12.3021001816;12.9034996033;12.1273002625;12.331199646;6449830;173097740.886;"2017-03-01T00:00:00.000Z"
13.6690998077;15.4194002151;13.6644001007;15.1814002991;5455280;213468083.336;"2017-03-05T00:00:00.000Z"
13.0537996292;13.6209001541;12.3485002518;13.2142000198;10802800;186205884.735;"2017-03-10T00:00:00.000Z"
18.0933990479;18.4016990662;17.1075992584;17.7597999573;10072300;250687310.289;"2017-03-14T00:00:00.000Z"
20.1051998138;24.6105995178;20.1051998138;23.2875995636;22162500;329388534.212;"2017-03-19T00:00:00.000Z"
21.4542007446;22.4878997803;20.6382007599;21.8220005035;7419900;309168858.781;"2017-03-23T00:00:00.000Z"
19.4874992371;20.5105991364;18.1665992737;19.8068008423;10061200;281198558.244;"2017-03-28T00:00:00.000Z"
20.5244007111;21.530500412;19.2343006134;21.4950008392;7622780;305662894.689;"2017-04-01T00:00:00.000Z"
19.5863990784;19.9542007446;18.3325996399;19.2707004547;11553100;274589100.273;"2017-04-06T00:00:00.000Z"
20.6882991791;22.4083003998;20.5242996216;21.8283996582;6591730;311544679.194;"2017-04-10T00:00:00.000Z"
20.4260997772;21.1891002655;20.2548999786;20.7108001709;4483370;296164665.637;"2017-04-15T00:00:00.000Z"
21.0660991669;21.1233997345;20.2348003387;20.3945007324;5877830;292093430.824;"2017-04-19T00:00:00.000Z"
19.7289009094;20.1147994995;19.5091991425;19.5583992004;4584190;280671539.314;"2017-04-24T00:00:00.000Z"
21.1954994202;22.5284004211;21.1224994659;22.3481006622;10457300;321215746.983;"2017-04-28T00:00:00.000Z"
23.0506000519;25.4438991547;22.7180995941;25.2000007629;12602800;362904544.34;"2017-05-03T00:00:00.000Z"
28.9682006836;34.5649986267;28.7742004395;32.7827987671;31328600;472833390.015;"2017-05-07T00:00:00.000Z"
29.614200592;30.2856998444;28.2978000641;28.6781997681;8023910;414420366.147;"2017-05-12T00:00:00.000Z"
27.7332000732;27.7332000732;25.9647006989;26.263999939;9801320;380095104.387;"2017-05-16T00:00:00.000Z"
35.0371017456;36.4557991028;33.3539009094;34.6405982971;10952100;502280120.419;"2017-05-21T00:00:00.000Z"
45.5190010071;50.8961982727;39.4964981079;40.1155014038;52485500;582518426.872;"2017-05-25T00:00:00.000Z"
41.2883987427;45.6501998901;39.6622009277;39.7859992981;23048100;578821824.274;"2017-05-30T00:00:00.000Z"
43.9864006042;44.4177017212;42.1586990356;42.3699989319;9819610;617326626.305;"2017-06-03T00:00:00.000Z"
52.9081001282;56.456199646;51.4460983276;56.1925010681;14708500;820203859.982;"2017-06-08T00:00:00.000Z"
59.0904998779;59.8050003052;45.7785987854;50.0402984619;25425000;731474231.833;"2017-06-12T00:00:00.000Z"
48.1899986267;51.2024993896;48.090801239;50.4602012634;15646500;738921642.466;"2017-06-17T00:00:00.000Z"
48.1699981689;48.9121017456;45.5377998352;46.587600708;12133900;683194834.836;"2017-06-21T00:00:00.000Z"
45.8978996277;48.2038993835;39.3914985657;43.4930000305;17033600;638919626.824;"2017-06-26T00:00:00.000Z"
45.0928001404;45.8740005493;43.4823989868;43.7267990112;11338900;643196701.026;"2017-06-30T00:00:00.000Z"
45.3046989441;46.8950004578;44.134601593;45.7209014893;15243000;673712880.427;"2017-07-05T00:00:00.000Z"
46.6945991516;47.0032997131;44.5556983948;44.8497009277;12681200;661789784.998;"2017-07-09T00:00:00.000Z"
38.0806007385;38.3266983032;34.2162017822;35.4799995422;9558140;524447861.463;"2017-07-14T00:00:00.000Z"
34.8883018494;37.9221992493;33.3806991577;36.3838005066;9949120;538526217.165;"2017-07-18T00:00:00.000Z"
44.6362991333;44.7843017578;41.4376983643;42.6652984619;8634060;632586036.197;"2017-07-23T00:00:00.000Z"
45.9169998169;46.7372016907;43.9267997742;45.2386016846;15960700;671653796.172;"2017-07-27T00:00:00.000Z"
39.8805999756;45.0447006226;39.8093986511;44.1456985474;17363300;656506653.289;"2017-08-01T00:00:00.000Z"
45.1791992188;49.493598938;45.1791992188;48.5783004761;12131400;723383192.316;"2017-08-05T00:00:00.000Z"
50.9375991821;51.2934989929;49.4728012085;49.4728012085;9147740;737919656.223;"2017-08-10T00:00:00.000Z"
47.6852989197;49.7538986206;46.6324005127;49.7538986206;14023000;743073579.577;"2017-08-14T00:00:00.000Z"
46.9718017578;58.0321006775;46.9718017578;55.9625015259;27038800;836842321.742;"2017-08-19T00:00:00.000Z"
91.0093002319;99.7076034546;85.5074996948;90.3272018433;84961904;1350719209.55;"2017-08-23T00:00:00.000Z"
137.5950012207;138.8789978027;124.8069992065;130.6750030518;92742200;1959969162.75;"2017-08-27T00:00:00.000Z"
140.6529998779;150.091003418;136.4869995117;141.1970062256;163960992;2121127781.3;"2017-09-01T00:00:00.000Z"
106.7460021973;122.6309967041;95.806602478;118.8239974976;113378000;1787242459.78;"2017-09-05T00:00:00.000Z"
115.6370010376;115.7689971924;103.1660003662;112.3259963989;50725200;1692132574.97;"2017-09-10T00:00:00.000Z"
111.2929992676;120.3899993896;82.6499023438;83.0401992798;133553000;1252517271.35;"2017-09-14T00:00:00.000Z"
100.8290023804;101.2770004272;93.6970977783;97.7189025879;48249700;1476034756.62;"2017-09-19T00:00:00.000Z"
88.032699585;92.1162033081;86.956703186;91.8460006714;26372900;1389104237.4;"2017-09-23T00:00:00.000Z"
100.9720001221;101.1360015869;95.4832992554;97.2334976196;41822000;1472813809.79;"2017-09-28T00:00:00.000Z"
93.5580978394;93.8005981445;90.9835968018;91.5441970825;27534700;1388295450.34;"2017-10-02T00:00:00.000Z"
90.9396972656;92.0507965088;89.5671005249;91.7036972046;22617600;1392773843.25;"2017-10-07T00:00:00.000Z"
86.7406997681;88.2502975464;85.7969970703;87.4216995239;21103400;1329299222.14;"2017-10-11T00:00:00.000Z"
94.9925003052;97.9718017578;93.0490036011;95.9002990723;32185000;1460340924;"2017-10-16T00:00:00.000Z"
88.709602356;92.7277984619;88.0726013184;90.5404968262;38260700;1380290537.54;"2017-10-20T00:00:00.000Z"
88.4932022095;101.2910003662;85.8238983154;88.1298980713;59952100;1345488594.23;"2017-10-25T00:00:00.000Z"
86.2678985596;90.3591995239;86.2678985596;88.6524963379;38368700;1355008518.65;"2017-10-29T00:00:00.000Z"
83.5262985229;90.1358032227;83.5262985229;87.9869995117;37321100;1346717667.94;"2017-11-03T00:00:00.000Z"
104.2340011597;104.7519989014;95.0451965332;99.7643966675;81253296;1528681781.35;"2017-11-07T00:00:00.000Z"
119.5970001221;133.6750030518;110.6179962158;123.8560028076;144948000;1900531380.82;"2017-11-12T00:00:00.000Z"
121.2429962158;128.0879974365;118.5049972534;120.3050003052;74944096;1848061539.39;"2017-11-16T00:00:00.000Z"
136.1049957275;142.2140045166;131.3719940186;141.7380065918;72701504;2179643580.4;"2017-11-21T00:00:00.000Z"
159.9949951172;170.1040039063;159.9949951172;168.4420013428;64076700;2593909210.91;"2017-11-25T00:00:00.000Z"
170.4859924316;195.3939971924;156.5310058594;180.1380004883;128112000;2777783403.09;"2017-11-30T00:00:00.000Z"
199.56199646;210.2420043945;192.0420074463;210.2420043945;74534400;3244689936.48;"2017-12-04T00:00:00.000Z"
277.2659912109;281.3980102539;250.3880004883;262.532989502;161152000;4055933197.41;"2017-12-09T00:00:00.000Z"
307.4309997559;330.3460083008;284.7439880371;305.7449951172;248583008;4731210135.86;"2017-12-13T00:00:00.000Z"
353.0660095215;381.5119934082;332.092010498;381.5119934082;217306000;5911607600.78;"2017-12-18T00:00:00.000Z"
419.5289916992;423.4219970703;255.6679992676;346.1130065918;334616992;5366580652.59;"2017-12-22T00:00:00.000Z"
381.3030090332;442.5950012207;381.3030090332;421.8489990234;250742000;6550988729.55;"2017-12-27T00:00:00.000Z"
329.0020141602;356.7659912109;327.4129943848;349.0260009766;101667000;5426213308.04;"2017-12-31T00:00:00.000Z"
402.3840026855;407.0350036621;373.891998291;384.9360046387;182618000;5992584072.41;"2018-01-05T00:00:00.000Z"
403.7070007324;447.6050109863;398.5310058594;413.3340148926;522438016;6441143443.34;"2018-01-09T00:00:00.000Z"
420.3359985352;444.0140075684;384.3049926758;399.5190124512;180678000;6233759351.34;"2018-01-14T00:00:00.000Z"
320.5969848633;347.1140136719;303.3500061035;316.4679870605;152851008;4942797699.02;"2018-01-18T00:00:00.000Z"
315.3049926758;321.6950073242;285.6140136719;308.4609985352;116898000;4823688869.61;"2018-01-23T00:00:00.000Z"
325.3049926758;332.8259887695;310.4450073242;321.3550109863;66614100;5030191634.27;"2018-01-27T00:00:00.000Z"
273.875;279.782989502;228.3869934082;240.9649963379;73082704;3776625415.64;"2018-02-01T00:00:00.000Z"
219.0399932861;221.7369995117;167.1369934082;179.4869995117;77454496;2815778234.89;"2018-02-05T00:00:00.000Z"
260.5859985352;271.824005127;243.9129943848;250.0299987793;76435296;3927215223.83;"2018-02-10T00:00:00.000Z"
234.3370056152;276.6619873047;234.3370056152;276.6619873047;116137000;4349750884.45;"2018-02-14T00:00:00.000Z"
299.7040100098;319.7309875488;297.6459960938;316.4939880371;67482400;4981828870.24;"2018-02-19T00:00:00.000Z"
280.4060058594;299.4429931641;269.3489990234;285.7080078125;89026304;4501472314.6;"2018-02-23T00:00:00.000Z"
301.5429992676;305.7460021973;285.5790100098;285.6969909668;47981800;4506558044.67;"2018-02-28T00:00:00.000Z"
351.7479858398;369.0710144043;338.7539978027;368.9739990234;123113000;5825639484.35;"2018-03-04T00:00:00.000Z"
277.6050109863;288.0899963379;243.5070037842;288.0899963379;155072000;4553784577.22;"2018-03-09T00:00:00.000Z"
258.2229919434;266.3510131836;246.1900024414;248.0679931641;69264496;3924754943.84;"2018-03-13T00:00:00.000Z"
197.4279937744;209.6329956055;175.078994751;209.6329956055;75859904;3320407978.93;"2018-03-18T00:00:00.000Z"
218.5599975586;223.6790008545;204.9019927979;212.7100067139;40394500;3372204422.48;"2018-03-22T00:00:00.000Z"
196.8520050049;197.9010009766;184.5800018311;187.9299926758;53498800;2982664705.04;"2018-03-27T00:00:00.000Z"
172.529006958;181.9720001221;171.5359954834;179.5599975586;22220300;2852327630.3;"2018-03-31T00:00:00.000Z"
170.0489959717;174.8939971924;164.800994873;173.3090057373;40641000;2756100111.27;"2018-04-05T00:00:00.000Z"
174.0549926758;179.1340026855;164.2640075684;167.0650024414;24546500;2658477487.86;"2018-04-09T00:00:00.000Z"
188.6369934082;197.1929931641;188.1499938965;190.4239959717;42979700;3033464639;"2018-04-14T00:00:00.000Z"
195.8329925537;232.720993042;195.8329925537;228.3450012207;180248992;3640750302.88;"2018-04-18T00:00:00.000Z"
270.808013916;287.1130065918;270.808013916;283.299987793;110600000;4521764826.12;"2018-04-23T00:00:00.000Z"
267.2850036621;268.6300048828;251.8760070801;251.8760070801;93178896;4023636238.6;"2018-04-27T00:00:00.000Z"
239.93699646;252.716003418;238.8439941406;249.6640014648;83039296;3992528815.21;"2018-05-02T00:00:00.000Z"
240.8849945068;242.4389953613;232.6049957275;235.4909973145;50393500;3768995960.95;"2018-05-06T00:00:00.000Z"
218.4779968262;218.4779968262;197.6529998779;197.7400054932;48447300;3168080695.79;"2018-05-11T00:00:00.000Z"
214.6860046387;218.8260040283;203.0410003662;205.1699981689;56849200;3289843587.17;"2018-05-15T00:00:00.000Z"
197.7910003662;205.31199646;196.5980072021;203.4459991455;34040600;3265583092.06;"2018-05-20T00:00:00.000Z"
171.2100067139;177.5090026855;160.8520050049;171.4850006104;44489500;2754772302.34;"2018-05-24T00:00:00.000Z"
150.0440063477;166.3329925537;147.9250030518;157.5749969482;51033600;2533873619.39;"2018-05-29T00:00:00.000Z"
157.5890045166;167.2740020752;156.2489929199;162.6479949951;40011500;2617565153.84;"2018-06-02T00:00:00.000Z"
164.6770019531;171.0859985352;163.0599975586;163.9060058594;40588500;2640433786.67;"2018-06-07T00:00:00.000Z"
139.5469970703;140.18800354;132.8309936523;138.0420074463;32508500;2225536193.58;"2018-06-11T00:00:00.000Z"
121.7480010986;128.233001709;121.6829986572;126.8280029297;31221300;2046742740.02;"2018-06-16T00:00:00.000Z"
126.1849975586;126.3509979248;119.9150009155;122.5469970703;33876600;1979240978.01;"2018-06-20T00:00:00.000Z"
115.1460037231;124.3970031738;109.0130004883;121.2910003662;45338000;1960472985.09;"2018-06-24T00:00:00.000Z"
117.3010025024;127.8430023193;115.483001709;126.7779998779;34762700;2051160837.74;"2018-06-29T00:00:00.000Z"
140.1219940186;143.9309997559;137.0019989014;138.4609985352;33954300;2241910619.82;"2018-07-03T00:00:00.000Z"
135.2769927979;140.0050048828;134.4859924316;138.1179962158;25550900;2238474381.39;"2018-07-08T00:00:00.000Z"
125.4499969482;126.1129989624;118.138999939;120.2389984131;28289200;1950191681.27;"2018-07-12T00:00:00.000Z"
135.1799926758;146.9640045166;134.9909973145;144.0709991455;40091900;2338942488.76;"2018-07-17T00:00:00.000Z"
129.8190002441;132.6179962158;127.5790023804;132.1300048828;22586300;2146656579.95;"2018-07-21T00:00:00.000Z"
142.983001709;144.6289978027;135.9570007324;136.8139953613;30321500;2224803531.46;"2018-07-26T00:00:00.000Z"
135.568;135.701;128.946;131.802;28947100;2143737114.35;"2018-07-30T00:00:00.000Z"
120.16;121.027;113.459;113.993;19018600;1854290576.03;"2018-08-04T00:00:00.000Z"
108.038;108.038;93.4016;94.5341;31289400;1537758377.65;"2018-08-08T00:00:00.000Z"
93.1759;97.4;88.1315;88.2372;25503900;1435328558.91;"2018-08-13T00:00:00.000Z"
91.006;101.163;90.829;99.2022;25798500;1619620931.46;"2018-08-17T00:00:00.000Z"
94.9507;98.5623;88.3314;90.0806;21752000;1472014016.48;"2018-08-22T00:00:00.000Z"
92.8014;95.3021;91.3;95.3021;46481300;1558438123.62;"2018-08-26T00:00:00.000Z"
103.204;117.489;102.982;116.658;57364500;1909340829.15;"2018-08-31T00:00:00.000Z"
135.143;139.786;134.859;137.951;52929600;2259421703.72;"2018-09-04T00:00:00.000Z"
104.29;110.729;101.457;106.216;38884300;1741174253.75;"2018-09-09T00:00:00.000Z"
104.598;116.127;104.598;112.035;42702500;1837824482.9;"2018-09-13T00:00:00.000Z"
106.611;113.005;104.582;112.448;35111400;1846166604.31;"2018-09-18T00:00:00.000Z"
123.543;125.207;118.003;122.215;29282500;2007873773.38;"2018-09-22T00:00:00.000Z"
115.123;121.079;113.876;119.255;38769800;1960893408.36;"2018-09-27T00:00:00.000Z"
115.673;117.006;113.111;114.521;20659400;1884299928.93;"2018-10-01T00:00:00.000Z"
114.915;115.296;113.407;115.07;22917000;1894916045.28;"2018-10-06T00:00:00.000Z"
113.591;113.671;111.028;113.459;164644000;1869589260.83;"2018-10-10T00:00:00.000Z"
100.837;111.272;99.3085;107.109;35911700;1766412876.18;"2018-10-15T00:00:00.000Z"
102.913;104.659;102.629;103.723;18523600;1711086720.96;"2018-10-19T00:00:00.000Z"
108.085;109.095;106.559;106.95;11786500;1766289604.59;"2018-10-24T00:00:00.000Z"
104.137;106.578;102.124;104.976;19928900;1734804636.06;"2018-10-28T00:00:00.000Z"
103.853;106.055;103.572;105.78;11916800;1749491459.92;"2018-11-02T00:00:00.000Z"
111.759;113.586;110.465;112.894;16887600;1862610990.34;"2018-11-06T00:00:00.000Z"
105.17;106.603;102.681;106.376;14920300;1761831189.8661;"2018-11-11T00:00:00.000Z"
91.1439;92.2723;80.6849;88.6725;33617400;1469541281.4283;"2018-11-15T00:00:00.000Z"
72.3201;74.4371;63.3828;66.486;29890100;1102699339.57546;"2018-11-20T00:00:00.000Z"
58.3708;59.3462;53.0982;58.0533;24217900;963569316.915629;"2018-11-25T00:00:00.000Z"
61.3300863377;62.1404344603;56.3437806832;57.7929037974;14373886.68;959487660.324922;"2018-11-30T00:00:00.000Z"
54.5374761388;58.827566627;53.8899243877;56.9789630126;14305388.06;947031594.549694;"2018-12-04T00:00:00.000Z"
45.5542045842;49.2651043307;45.1753185945;47.7467178028;11992076.01;794173848.077314;"2018-12-09T00:00:00.000Z"
44.0509132496;44.0612359385;40.6723201128;40.9622457271;11758377.14;681731506.776696;"2018-12-13T00:00:00.000Z"
43.8533878784;47.4815610467;43.1326573923;46.5824933381;13576157.13;775841296.526254;"2018-12-18T00:00:00.000Z"
51.7938862719;52.3317995679;50.0079106588;51.725050175;13813550.09;861994388.723982;"2018-12-22T00:00:00.000Z"
49.3570250251;49.3715577507;43.9131937525;44.4666918074;14370277.53;741578774.501634;"2018-12-27T00:00:00.000Z"
48.4351719913;48.4730128025;45.5561308158;46.2281704567;11899403.98;771405409.193471;"2018-12-31T00:00:00.000Z"
50.5536752217;51.6470482586;49.8706907401;49.9318113001;13488430.58;833735766.98533;"2019-01-05T00:00:00.000Z"
53.1709506638;54.5453231903;52.433335939;52.7138549851;19143629.79;880188905.077189;"2019-01-09T00:00:00.000Z"
43.1083351693;46.3872470568;43.1083351693;45.9145847745;18488424.25;766658179.546234;"2019-01-14T00:00:00.000Z"
45.6487873164;45.6997348977;44.8803897739;45.1258305349;21365212.51;754975899.298828;"2019-01-18T00:00:00.000Z"
45.9423335334;45.9729920631;44.6392410687;44.8805017769;32608466.66;751394884.153401;"2019-01-23T00:00:00.000Z"
45.7818595926;46.655719149;45.4073109092;46.57541575;37895259.97;780207473.105151;"2019-01-27T00:00:00.000Z"
43.67149276;44.2057056854;42.8723394494;43.7228668036;36949055.59;732932070.75715;"2019-02-01T00:00:00.000Z"
42.7198250174;43.4749899115;42.7198250174;43.3361255655;45555506.43;726863021.423336;"2019-02-05T00:00:00.000Z"
48.5866130801;49.8288997376;47.2375742089;49.8276700227;52351662.03;836265588.904544;"2019-02-10T00:00:00.000Z"
49.3198494475;49.6351646007;46.3028530696;46.8621333503;59162579.48;786960326.610851;"2019-02-14T00:00:00.000Z"
51.6833356893;53.5951965064;51.4897711403;52.3273514867;60939331.83;879340059.032939;"2019-02-19T00:00:00.000Z"
52.6180400701;53.8167879792;51.9234607173;53.8131629121;74715380.56;904789935.045828;"2019-02-23T00:00:00.000Z"
49.8955621603;50.2098116188;49.0403600536;49.1212705249;69184623.47;826452334.250409;"2019-02-28T00:00:00.000Z"
50.1197849655;50.464238381;47.1742752261;48.4932876546;68874656.96;816321457.736924;"2019-03-04T00:00:00.000Z"
49.9816018282;51.3967755017;49.821810646;50.7874200615;65485381.04;855474088.038237;"2019-03-09T00:00:00.000Z"
51.4827405572;52.3336181191;51.2856867652;52.0403186218;52938688.21;876916617.334306;"2019-03-13T00:00:00.000Z"
53.587417406;54.0003586044;52.6962812831;53.4881402877;116998431.95;901892931.012454;"2019-03-18T00:00:00.000Z"
53.8471225472;54.2559867645;53.3549836071;53.9231167279;87593947.95;909701081.842418;"2019-03-22T00:00:00.000Z"
52.9575041548;55.0254883285;52.8389151836;54.7297910149;91620139.84;923904745.343354;"2019-03-27T00:00:00.000Z"
53.4557885644;56.4973281466;53.1142756039;55.8853360824;99371365.85;943881892.473404;"2019-03-31T00:00:00.000Z"
63.9253815286;69.1817753286;63.8869995968;69.1621431114;95806842.5;1168869216.29487;"2019-04-05T00:00:00.000Z"
71.1136471304;71.2198152815;68.079359105;68.3726065315;90506704.58;1156098278.5315;"2019-04-09T00:00:00.000Z"
65.3113108711;67.2988893158;64.2899236707;66.5815059597;122650716.27;1126513833.46334;"2019-04-14T00:00:00.000Z"
67.4767563401;69.9493048148;67.4647652396;69.1621410507;92841765.47;1170759941.4207;"2019-04-18T00:00:00.000Z"
68.686433011;69.3546119846;67.9916608771;68.5926371734;106741099.36;1161526909.10161;"2019-04-22T00:00:00.000Z"
61.8112017867;63.5238878804;61.6097586057;62.55040208;116208417.24;1059209533.04913;"2019-04-27T00:00:00.000Z"
62.1000083981;64.977652126;62.0897586155;64.9596573535;38993596.39;1101352848.61474;"2019-05-01T00:00:00.000Z"
66.0575282016;67.3297725077;64.3625852651;66.5482768782;45947644.11;1128981217.36629;"2019-05-06T00:00:00.000Z"
64.6750536554;68.3961574525;64.3161215043;68.0728917443;41323062.94;1155403089.15002;"2019-05-10T00:00:00.000Z"
83.1999299597;94.4128418524;82.9494460314;94.0837195835;70995398.5;1597828608.34222;"2019-05-15T00:00:00.000Z"
79.6023296536;90.9766469207;79.4532134559;90.6216442232;67197703.51;1539746808.45981;"2019-05-19T00:00:00.000Z"
84.7085789541;87.2659447228;83.7894610216;85.5778248529;78323420.61;1454901051.57762;"2019-05-24T00:00:00.000Z"
97.9014220181;98.5278592444;95.658773969;96.0609813911;156907569;1633885378.59158;"2019-05-28T00:00:00.000Z"
93.0443979367;96.2426326812;92.8072353564;94.9448934928;104335298.92;1615842701.71446;"2019-06-02T00:00:00.000Z"
85.0426503735;87.1480748697;83.5697754384;86.9358424231;147136612.23;1480220684.14777;"2019-06-06T00:00:00.000Z"
86.9734632578;87.8447146053;85.4938848078;86.7150051605;143282900.77;1477296747.92687;"2019-06-11T00:00:00.000Z"
90.5266645306;95.0303342957;89.9667441559;94.6927681535;229735778.68;1613934876.65912;"2019-06-15T00:00:00.000Z"
100.449441035;108.609353706;100.20918864;104.979973799;175272177.84;1790277383.7592;"2019-06-20T00:00:00.000Z"
115.213254192;119.433471675;112.313943594;117.41624955;131784907.93;2003252006.8438;"2019-06-24T00:00:00.000Z"
101.67477962;101.774952511;93.7828664835;99.9621160857;140176877.7;1706417589.29072;"2019-06-29T00:00:00.000Z"
86.2389137486;92.0618535295;86.0424896019;90.0017949616;127688764.68;1536394645.79122;"2019-07-03T00:00:00.000Z"
107.095709137;107.318135951;100.808771727;101.586491395;155828867.73;1735765874.8788;"2019-07-08T00:00:00.000Z"
89.2515415543;98.4223878165;86.1109152165;98.2504433744;114154781.55;1679579414.11401;"2019-07-12T00:00:00.000Z"
73.8188727723;80.088113196;71.4183183822;76.4585017471;125827611.45;1307756307.84586;"2019-07-17T00:00:00.000Z"
85.2732228189;87.4354683707;83.0030816565;83.9573577813;105487494.03;1436640153.59152;"2019-07-21T00:00:00.000Z"
80.7029263629;81.0455241892;78.7136495088;80.2938957128;80951329.75;1374678151.8084;"2019-07-26T00:00:00.000Z"
77.9729218913;80.2100502264;77.3092722602;78.3766271485;67774573.01;1342427133.11869;"2019-07-30T00:00:00.000Z"
88.1915621037;89.1568150623;85.9835465457;88.1801089831;91749361.68;1511132702.24335;"2019-08-04T00:00:00.000Z"
97.4541658075;97.5964950041;91.5579702379;95.1549337369;99485911.92;1631343466.19884;"2019-08-08T00:00:00.000Z"
91.1919624752;91.4367392938;84.877618113;85.5241475697;90797999.1;1466998909.71183;"2019-08-13T00:00:00.000Z"
82.5565796501;83.6964376901;81.0435774706;81.9888890556;69658777.89;1406939950.94587;"2019-08-17T00:00:00.000Z"
80.5489201555;83.3497103062;78.538895677;82.2535145469;96683433.18;1412206741.09289;"2019-08-22T00:00:00.000Z"
80.4260336496;83.4877276865;79.0655318658;79.7044276408;95830525.24;1369000474.56423;"2019-08-26T00:00:00.000Z"
67.8571595252;68.1299701593;66.4036653758;67.5357513482;50249217.58;1160574931.48326;"2019-08-31T00:00:00.000Z"
74.9107744318;74.9109020834;71.8776975776;73.9274656522;53928209.04;1270927260.80315;"2019-09-04T00:00:00.000Z"
77.4046423109;77.5129567985;74.6197481081;75.1464207735;57047926.78;1292522715.54955;"2019-09-09T00:00:00.000Z"
75.1559212374;76.9107316085;72.9279194207;76.9107316085;85283906.81;1323399133.97408;"2019-09-13T00:00:00.000Z"
74.2005514456;82.0104434979;74.0014444809;81.7652899809;133480584.35;1407616896.18423;"2019-09-18T00:00:00.000Z"
72.8246412731;74.1096754931;71.4536693538;73.1885855369;72664743.69;1260457544.44564;"2019-09-22T00:00:00.000Z"
57.5423002849;58.4877271535;55.8777291885;58.041927176;143938186.02;1000086501.11674;"2019-09-27T00:00:00.000Z"
56.8707431218;58.1866979729;55.7029479549;55.8428869;72773126.84;962569246.206032;"2019-10-01T00:00:00.000Z"
56.4964025244;56.8299858184;55.1334140398;55.4954772233;73400789.02;957040023.988523;"2019-10-06T00:00:00.000Z"
57.4044398297;57.6040940326;55.2399577328;55.9510830778;94627887.34;965261773.762928;"2019-10-10T00:00:00.000Z"
53.0370337564;53.6345075726;51.8293485158;52.1882676556;76185800.37;900778012.572356;"2019-10-15T00:00:00.000Z"
56.3198184044;56.3198184044;53.7896602056;54.6981412215;81939157.13;944455005.098593;"2019-10-19T00:00:00.000Z"
53.013975414;54.5941770871;51.2755066992;53.5520780348;98450878.97;925093478.351927;"2019-10-24T00:00:00.000Z"
59.7896510682;61.5792196839;59.0020708108;59.5488784845;222423449.04;1029070853.12948;"2019-10-28T00:00:00.000Z"
60.9196137909;63.3800108746;60.7542493452;62.3065536655;191554079.03;1077167786.4383;"2019-11-02T00:00:00.000Z"
62.9295699702;64.6883031712;62.7507833156;64.2088253896;259001299.91;1110517575.8743;"2019-11-06T00:00:00.000Z"
63.8910475911;64.218249;61.4383064609;61.9299249501;206142758.25;1071172533.54892;"2019-11-11T00:00:00.000Z"
65.5532421038;65.7826674899;61.9507231656;61.958367515;149260331.37;1072467887.76082;"2019-11-15T00:00:00.000Z"
58.955309979;59.5940528587;57.9529772401;58.2516232083;179910717.34;1008756963.89986;"2019-11-20T00:00:00.000Z"
52.0986451551;52.3294134278;48.2221925674;48.2221925674;150228084.17;835374693.012046;"2019-11-24T00:00:00.000Z"
54.0402316753;56.0975405315;53.9677849335;55.9541870024;144980637.11;969746508.148112;"2019-11-29T00:00:00.000Z"
54.0262981744;55.2879646594;53.426608433;53.426608433;154822219.52;926301619.106467;"2019-12-03T00:00:00.000Z"
54.767340662;55.4301426;53.7787146646;54.2433682102;121427914.02;940877036.477294;"2019-12-08T00:00:00.000Z"
53.0364699785;54.090077268;52.4954311978;53.3068743938;114782983.11;924956146.418661;"2019-12-12T00:00:00.000Z"
49.4527982601;49.6783521121;44.6468392952;44.9441078918;101487732.13;780188464.908909;"2019-12-17T00:00:00.000Z"
47.0483734912;47.1723075646;45.3075235183;45.5312574124;106102856.22;790648468.22703;"2019-12-21T00:00:00.000Z"
46.5094410617;46.6292121603;44.8579286327;45.3070410253;89292486.99;787092855.425343;"2019-12-26T00:00:00.000Z"
46.8413926773;47.0557600412;46.0101176952;46.4980847669;66565171.06;808064735.930026;"2019-12-30T00:00:00.000Z"
51.054630659;51.5454180538;50.0170217863;50.5366953333;61952233.68;878616619.74492;"2020-01-04T00:00:00.000Z"
58.7650243024;59.8125235852;56.1054228279;59.4641729336;69698035.97;1034174393.85829;"2020-01-08T00:00:00.000Z"
59.296956177;59.3317978427;56.7949756709;58.005684656;58833703.66;1009224837.05503;"2020-01-13T00:00:00.000Z"
65.6884469868;71.9284233749;64.1057348615;69.1763490238;118624801.52;1203980723.0493;"2020-01-17T00:00:00.000Z"
65.947040234;66.3365927807;64.4316876475;65.0341385197;59334378.66;1132354077.62476;"2020-01-22T00:00:00.000Z"
61.5101347736;64.4272700673;60.9645471171;63.8703940227;51959186.11;1112450843.9554;"2020-01-26T00:00:00.000Z"
74.9569810067;75.9852402105;69.5443775235;72.0870881515;113417706.1;1256071404.45014;"2020-01-31T00:00:00.000Z"
76.8473551176;77.226179608;73.83664151;75.272232166;80747174.21;1311999525.67052;"2020-02-04T00:00:00.000Z"
80.6324877423;87.6521284557;80.4811036797;87.6192641746;124583964.37;1527812199.03145;"2020-02-09T00:00:00.000Z"
95.2241520783;96.0470966209;90.3006731564;92.4610881783;156870155.08;1612751700.42686;"2020-02-13T00:00:00.000Z"
88.1538586301;88.8075489533;79.8208254254;82.4009586458;164389216.45;1437734128.10695;"2020-02-17T00:00:00.000Z"
80.4573114397;82.6988526832;78.4255855965;79.0911103706;133451985.86;1380524029.18098;"2020-02-22T00:00:00.000Z"
76.8273152593;77.7033348228;69.4239579776;70.8834299116;143680078.25;1237640628.45137;"2020-02-26T00:00:00.000Z"
64.7254118208;68.9278142011;64.5066753826;68.4824151824;109758407.88;1196179395.22973;"2020-03-02T00:00:00.000Z"
68.63772914;69.7013050383;67.8443570882;68.9176961064;135250724.18;1204150798.8518;"2020-03-06T00:00:00.000Z"
54.9521216712;55.8384652887;51.4432335904;54.1123733608;108297098.05;945828552.783351;"2020-03-11T00:00:00.000Z"
36.1612888087;40.836904029;35.8605658987;38.0706061031;115596878.54;665634161.671988;"2020-03-15T00:00:00.000Z"
41.0594928027;45.151911612;37.5531810461;40.1181063505;146612113.91;701698555.446174;"2020-03-20T00:00:00.000Z"
44.118722768;47.4267161953;43.3710493438;47.1807225475;159747274.02;825477681.832911;"2020-03-24T00:00:00.000Z"
47.1090986002;47.1843584049;44.1089506188;44.1089506188;109300931.05;772022406.583466;"2020-03-29T00:00:00.000Z"
48.4532599034;52.5043603363;48.0708856242;50.7558314778;126496181.51;888619594.407609;"2020-04-02T00:00:00.000Z"
58.4590586245;60.013876398;55.3688950995;55.9299852955;145869304.09;979564397.468917;"2020-04-07T00:00:00.000Z"
53.5623674323;54.6019578606;52.5988965683;53.5793140098;98767430.29;938669716.235018;"2020-04-11T00:00:00.000Z"
53.1861452508;57.1297966591;51.9764198028;56.8846871835;130989658.36;996940126.576464;"2020-04-16T00:00:00.000Z"
57.4576715808;58.4927296017;54.5075390807;55.0700115655;113779663.78;965414380.250512;"2020-04-20T00:00:00.000Z"
60.9425682708;61.9835369383;60.2394812969;60.725073188;102455402.94;1064930394.13218;"2020-04-25T00:00:00.000Z"
62.533855109;66.983131278;62.0848614436;66.5459610391;146559090.13;1167337999.94115;"2020-04-29T00:00:00.000Z"
62.4395491111;62.7927963273;59.0437115556;61.2515403801;106891678.49;1074848073.13885;"2020-05-04T00:00:00.000Z"
64.4798463566;65.7840737549;63.4024455874;63.7034949925;127093700.1;1118187624.53153;"2020-05-08T00:00:00.000Z"
61.4772140905;65.9859518811;61.3864764667;64.8664824094;124797980.46;1139004077.68216;"2020-05-13T00:00:00.000Z"
65.3393183317;66.9776873042;64.9306376114;65.2122048635;77806647.19;1145389118.17575;"2020-05-17T00:00:00.000Z"
61.7793981755;63.6117124961;61.3581785278;63.1543894999;78674214.89;1109624317.09202;"2020-05-22T00:00:00.000Z"
61.6479472069;62.4906443341;60.9665302551;61.8093778459;67047716.8;1086288973.04921;"2020-05-26T00:00:00.000Z"
68.3645727275;68.4514823655;64.4048092215;65.0652620355;94692775.57;1143896843.52222;"2020-05-31T00:00:00.000Z"
67.1599402076;68.6530859545;65.8314893927;68.1895424197;77902720.35;1199146998.858;"2020-06-04T00:00:00.000Z"
68.2588816137;68.5663146741;67.6730322221;68.2752482922;56011062.78;1201062905.6077;"2020-06-09T00:00:00.000Z"
65.864056117;66.6786419749;65.2093152832;66.6153474041;54550212.98;1172009842.03124;"2020-06-13T00:00:00.000Z"
65.2011554397;65.8173061033;64.4554463947;65.0779451294;68676379.51;1145493106.05889;"2020-06-18T00:00:00.000Z"
64.5818166954;66.3140307723;64.3343882598;65.9291787008;82556416.27;1160786406.56429;"2020-06-22T00:00:00.000Z"
63.9667395832;64.504845872;61.0635498748;62.3356576743;61079906.1;1097874633.68669;"2020-06-27T00:00:00.000Z"
63.5388151659;64.7747880587;63.3244576933;64.6059264339;64478705.06;1138155748.15632;"2020-07-01T00:00:00.000Z"
63.2201137463;65.0245286452;62.7810848845;64.8762585602;74125362.18;1143295337.80422;"2020-07-06T00:00:00.000Z"
67.5853920742;68.3255721055;65.332358416;67.3144170518;95885590.09;1186555847.68095;"2020-07-10T00:00:00.000Z"
67.8305668728;72.52494736;67.4764930678;70.6026381301;97547876.69;1244918159.83704;"2020-07-15T00:00:00.000Z"
68.2529022927;69.0392938022;67.6821277456;68.7724777732;49400376.12;1212942081.57898;"2020-07-19T00:00:00.000Z"
72.8401170862;72.9875414922;71.3873764938;71.5796241859;73201966.32;1262847203.77216;"2020-07-24T00:00:00.000Z"
78.4152438597;83.1844647032;78.3629207844;81.3063297941;133640095.89;1434817981.03013;"2020-07-28T00:00:00.000Z"
89.2961741126;90.5348743299;82.163295793;84.9673998148;125411756.44;1499891745.77386;"2020-08-02T00:00:00.000Z"
90.4825041799;96.4356136413;88.7452907216;95.6109667574;116231183.96;1688215907.0507;"2020-08-06T00:00:00.000Z"
93.7941140262;95.2676823533;84.6848447825;87.4586769915;167105849.46;1544707304.62178;"2020-08-11T00:00:00.000Z"
91.4304261148;91.7922834148;89.7302959405;90.0471239527;76569014.12;1590811582.70714;"2020-08-15T00:00:00.000Z"
91.2536378378;101.311401238;91.2536378378;101.311401238;153441642.89;1790349014.17789;"2020-08-20T00:00:00.000Z"
91.3555569077;94.3277695137;90.5724649485;93.9398795577;81919624.37;1660486419.0035;"2020-08-24T00:00:00.000Z"
94.35650933;95.7027475056;92.5767531164;92.8189656631;103879636.85;1641156221.5582;"2020-08-29T00:00:00.000Z"
97.1276199412;97.3214113429;88.4823499903;91.0817440269;132175687.3;1610813829.67589;"2020-09-02T00:00:00.000Z"
80.2350793636;82.7596848501;77.0437106445;82.5305388731;243693290.17;1460013711.60703;"2020-09-07T00:00:00.000Z"
83.4620909457;89.0164026054;79.6774560643;88.3887971714;20874120674.12;1564017397.05578;"2020-09-11T00:00:00.000Z"
90.9439338333;95.6260391502;86.5572105848;86.6058629428;502022873.41;1532913872.88;"2020-09-16T00:00:00.000Z"
96.2881416137;96.6692544278;89.4735092592;93.3617709832;493090146.58;1652871343.4061;"2020-09-20T00:00:00.000Z"
91.71770396;93.78613491;90.47767582;92.75264753;424972427.52;1642513742.8068354;"2020-09-25T00:00:00.000Z"
95.11118755;100.81164285;94.51210855;100.35392703;515616519.31;1777530206.8946154;"2020-09-29T00:00:00.000Z"
103.61213836;108.94597862;101.52477215;105.5631396;681642870.11;1870326048.96685;"2020-10-04T00:00:00.000Z"
110.05341517;112.44290671;107.57485875;110.90993309;834716513.82;1965511863.9492135;"2020-10-08T00:00:00.000Z"
129.2276326;130.97642087;123.64407535;127.77769198;989515080.83;2265150201.9832573;"2020-10-13T00:00:00.000Z"
120.28642241;121.96166196;118.80318371;120.03815939;918445382.78;2128299210.1938164;"2020-10-17T00:00:00.000Z"
121.49015217;129.17408471;119.44615176;127.06774746;1164629877.42;2253432538.7096324;"2020-10-22T00:00:00.000Z"
130.79934276;138.79688105;129.09458868;132.02179608;1119665839.59;2342030999.7904744;"2020-10-26T00:00:00.000Z"
122.95085419;127.98463576;121.27663069;126.33506906;1139362516.12;2241757323.144464;"2020-10-31T00:00:00.000Z"
120.7333297;121.51425228;114.23268993;115.9558376;1576064011.1;2058026557.5276387;"2020-11-04T00:00:00.000Z"
120.33414879;121.98051197;114.13524803;115.65994583;930648315.08;2053335347.1442738;"2020-11-09T00:00:00.000Z"
112.04698973;114.85160653;111.77093227;114.11271105;936557124.6;2026292098.4483907;"2020-11-13T00:00:00.000Z"
125.43032298;126.27803185;120.02093735;123.64198249;1075626342.24;2196081381.423632;"2020-11-18T00:00:00.000Z"
128.06749053;129.50846793;119.8299553;123.33387377;1419490754.08;2190908439.175135;"2020-11-22T00:00:00.000Z"
119.37728252;122.15285531;112.10563234;117.3132112;1120096045.31;2084661129.6029902;"2020-11-27T00:00:00.000Z"
129.77022593;132.27625682;121.88724708;125.92882905;867323872.74;2238232238.7143917;"2020-12-01T00:00:00.000Z"
127.00737578;133.50082652;124.70447079;133.36055133;780583418.74;2370812026.0878778;"2020-12-05T00:00:00.000Z"
132.6221489;134.99561169;129.68409779;133.89603063;542981596.54;2380943694.4737372;"2020-12-10T00:00:00.000Z"
151.91353048;157.3827824;151.15979283;152.68317311;924928956.75;2715576729.5377293;"2020-12-14T00:00:00.000Z"
154.80766285;158.1629968;153.98792594;155.01753573;1058413017.14;2757791555.5006924;"2020-12-19T00:00:00.000Z"
156.18002193;168.79448593;148.90374261;150.89761698;1651914826.96;2685046908.201093;"2020-12-23T00:00:00.000Z"
157.26692936;168.10847915;156.76145612;166.48708005;1460056395.19;2963183125.676112;"2020-12-28T00:00:00.000Z"
156.57017715;169.14214131;131.3890152;136.0458617;1946205728.98;2421861835.504768;"2021-01-01T00:00:00.000Z"
136.8284745;142.42813626;132.89224544;142.32329078;1127011231.73;2534244555.751636;"2021-01-06T00:00:00.000Z"
147.5690117;189.27865979;147.5690117;185.13798284;2265991619.06;3297266767.2071986;"2021-01-10T00:00:00.000Z"
163.13346239;167.53136007;148.73138269;157.38237503;1453280078.47;2803621048.459588;"2021-01-15T00:00:00.000Z"
156.98899313;165.2585605;152.8199195;157.54364173;1413206281.66;2807043667.5147567;"2021-01-19T00:00:00.000Z"
138.20488547;142.24449398;134.20401129;137.47046712;1287049710.78;2449982300.700146;"2021-01-24T00:00:00.000Z"
126.01310415;139.7653371;124.12386281;136.00677643;1094419239.33;2424360849.83;"2021-01-28T00:00:00.000Z"
143.7111126;152.07838924;142.41014881;151.54727928;1143502711.81;2702019351.28;"2021-02-02T00:00:00.000Z"
155.2655225;158.18926435;152.3587497;152.59426078;852533093.45;2721208026.12;"2021-02-06T00:00:00.000Z"
175.69982397;191.16349091;171.15089006;190.37659255;1371489332.38;3395775498.05;"2021-02-11T00:00:00.000Z"
230.63310417;233.77978004;203.36549745;227.5124913;2055578928.33;4058933527.33;"2021-02-15T00:00:00.000Z"
283.52662826;288.23724383;246.75578664;256.04283581;991879039.58;4568994495.97;"2021-02-20T00:00:00.000Z"
219.575963;224.97603229;198.76804133;205.74912869;861035403.96;3672199348.03;"2021-02-24T00:00:00.000Z"
218.0292021;230.47892698;210.81318005;230.22546698;646909762.73;4110001598.27;"2021-03-01T00:00:00.000Z"
217.35015324;217.35015324;203.45266343;206.36390215;606923264.31;3684695492.55;"2021-03-05T00:00:00.000Z"
225.24698378;227.42862578;215.57993332;220.662648;581568999.2;3940882502.25;"2021-03-10T00:00:00.000Z"
238.47598238;240.55558827;229.39288554;233.1782789;610191651.66;4165165871.69;"2021-03-14T00:00:00.000Z"
231.28962827;238.82735751;225.83565498;232.81749327;462247967.45;4159649653.05;"2021-03-19T00:00:00.000Z"
219.77213367;226.61750636;211.61651903;218.82010091;626403250.93;3910039694.33;"2021-03-23T00:00:00.000Z"
224.4825186;234.04508266;214.86774732;233.97366618;561911793.01;4181967798.14;"2021-03-28T00:00:00.000Z"
246.02778176;258.69684088;242.7811854;252.4958215;614730542.15;4513829224.25;"2021-04-01T00:00:00.000Z"
264.40059444;277.2998335;260.64905934;271.04308526;575073239.47;4846443757.44;"2021-04-06T00:00:00.000Z"
273.62667901;298.81695726;273.62667901;292.86569891;657263547.42;5237178627.37;"2021-04-10T00:00:00.000Z"
321.13378062;348.610667;319.26199027;344.24447194;650241196.88;6157724024.34;"2021-04-15T00:00:00.000Z"
338.24826518;365.65384138;307.65483603;355.63291571;1052097012.21;6362550617.64;"2021-04-19T00:00:00.000Z"
354.63200058;396.00439511;339.05809124;380.51384061;808797431.42;6809114986.38;"2021-04-24T00:00:00.000Z"
402.66176411;439.62224496;400.20137856;414.48049468;916274318.54;7418188194;"2021-04-28T00:00:00.000Z"
404.49728122;425.91807898;401.72718761;411.84068984;528755187.85;7372495416.67;"2021-05-03T00:00:00.000Z"
422.58235965;517.62024523;422.58235965;457.14500168;1783650459.47;8184863890.37;"2021-05-07T00:00:00.000Z"
453.21049604;477.72453874;392.38294203;392.38294203;640553003.23;7026798630.06;"2021-05-12T00:00:00.000Z"
382.13559696;404.36363842;372.26766157;390.91467801;474889086.21;7001673396.29;"2021-05-16T00:00:00.000Z"
281.01671816;329.5572842;227.98896031;256.76641865;1171333241.53;4599871744.12;"2021-05-21T00:00:00.000Z"
256.05011799;264.96876925;227.82111329;247.11301538;429822334.8;4427655080.82;"2021-05-25T00:00:00.000Z"
242.99756833;267.65111871;226.91615123;262.33375548;314970460.59;4701326848.95;"2021-05-30T00:00:00.000Z"
294.70580326;315.66420745;286.44824985;308.18877112;366249437.87;5523988305.74;"2021-06-03T00:00:00.000Z"
249.19964735;255.85069419;223.11049919;254.87542146;365399076.33;4569315820.66;"2021-06-08T00:00:00.000Z"
242.92240253;251.80206393;232.22845516;242.96052121;191158126.9;4356400393.88;"2021-06-12T00:00:00.000Z"
262.38762144;281.43840884;262.13062887;277.1090278;194978103.78;4969674076.45;"2021-06-17T00:00:00.000Z"
264.6961287;265.73809405;200.40540613;203.36182445;342681698.34;3647665507.82;"2021-06-21T00:00:00.000Z"
196.00614372;202.77748245;185.50232055;202.77748245;215319242.92;3637881835.95;"2021-06-26T00:00:00.000Z"
217.83520121;223.66136766;209.0443157;222.2694386;209426115.98;3988194094.73;"2021-06-30T00:00:00.000Z"
219.96195677;220.35419121;206.50260739;214.46499257;170985179.28;3848898451.4;"2021-07-05T00:00:00.000Z"
205.24592243;214.67313479;199.92934358;212.7469884;157902082.23;3818650072.93;"2021-07-09T00:00:00.000Z"
203.67028335;204.96336925;192.53066658;203.24548914;145000394.44;3648792732.42;"2021-07-14T00:00:00.000Z"
197.66289093;205.0025003;197.26195537;199.52015252;134221628.71;3582451481.89;"2021-07-18T00:00:00.000Z"
197.71815464;203.69369894;194.97631749;203.56357902;124299183.13;3655731965.36;"2021-07-23T00:00:00.000Z"
218.09394996;226.66186378;214.55604265;226.09949707;218701213;4061055461.08;"2021-07-27T00:00:00.000Z"
239.66009443;249.38492597;232.56967762;236.23144607;196766250.69;4243833051.6;"2021-08-01T00:00:00.000Z"
245.08679286;253.83213072;237.3211812;252.8615408;245048086.42;4543253746.76;"2021-08-05T00:00:00.000Z"
269.73268892;270.77591177;260.52791811;266.17222978;228553925.49;4783279491.5;"2021-08-10T00:00:00.000Z"
272.97083417;279.49555001;265.55659793;271.28559618;197636594.03;4875880616.05;"2021-08-14T00:00:00.000Z"
253.0536726;264.08666434;247.40706483;264.08666434;193471982.15;4747342499;"2021-08-19T00:00:00.000Z"
306.47098983;333.77787674;303.26744632;318.32449357;330390588.23;5723162891.36;"2021-08-23T00:00:00.000Z"
315.20632209;316.58753964;298.55738536;300.22872243;183815434.29;5398780342.31;"2021-08-28T00:00:00.000Z"
286.11476719;303.30827974;280.12275299;303.30253166;238671148.53;5454823407.03;"2021-09-01T00:00:00.000Z"
315.4585909;321.72011698;301.33195679;314.77235557;284693798.42;5662105497.17;"2021-09-06T00:00:00.000Z"
261.52096337;268.25595395;244.74666136;248.88381284;220571901.26;4477536584.81;"2021-09-10T00:00:00.000Z"
268.5509051064;274.1263219473;265.4732844648;269.3326417907;231866379.54;4846262003.24;"2021-09-15T00:00:00.000Z"
271.6834518926;275.7742748039;258.6749009415;259.9263500521;185050651.54;4677645765.82;"2021-09-19T00:00:00.000Z"
249.2229073166;254.3813001898;224.2490991391;233.7926434127;252305868.65;4208057109.7;"2021-09-24T00:00:00.000Z"
234.5436965224;243.6354998084;228.3816249915;229.6003065298;225342819.8;4133165754.18;"2021-09-28T00:00:00.000Z"
257.5667012658;262.4214624154;251.768462869;253.2303892657;201448900.65;4559161871.46;"2021-10-02T00:00:00.000Z"
286.6257737806;295.7828442035;276.1071783723;277.8626794978;240943636.65;5003481997.13;"2021-10-07T00:00:00.000Z"
270.348732646;279.9697813193;266.0590031232;276.788146485;209535789.98;4984795647.49;"2021-10-11T00:00:00.000Z"
273.9772562031;274.1059545745;265.0506846251;268.1338229253;181330395.17;4829737982.32;"2021-10-16T00:00:00.000Z"
255.0520051328;265.6032502059;253.4349673209;260.1305632031;189011168.72;4686018911.02;"2021-10-20T00:00:00.000Z"
289.5561215258;296.7372268265;283.9499513423;286.7588719823;310001978.06;5165704023.65;"2021-10-25T00:00:00.000Z"
267.2534657617;271.1663302306;265.11971075;268.4222933554;216037164.6;4835386996.88;"2021-10-29T00:00:00.000Z"
275.2326152123;275.5374979869;264.366075443;266.204420559;217247548.95;4795434006.59;"2021-11-03T00:00:00.000Z"
260.3753383006;267.286528905;259.1589085798;267.1040262927;187571059.17;4811639597.46;"2021-11-07T00:00:00.000Z"
264.100078682;267.0063212316;252.4078910862;260.2802060188;228685208.12;4688714592.2;"2021-11-12T00:00:00.000Z"
268.4978839768;268.4978839768;232.963443416;241.2572148303;319630009.36;4346032458.45;"2021-11-16T00:00:00.000Z"
247.2019103458;253.9483602907;242.4787489134;250.8796958167;148927420.36;4524201532.17;"2021-11-21T00:00:00.000Z"
243.8445258047;250.9213470812;241.9546452802;246.8378227017;263792970.61;4451776150.75;"2021-11-25T00:00:00.000Z"
235.9649687506;250.1987192156;228.5531126768;238.0970378561;266503040.47;4294896977.84;"2021-11-30T00:00:00.000Z"
224.1101472961;225.6253827768;179.1995529223;204.6264520048;288521122.23;3691598781.68;"2021-12-04T00:00:00.000Z"
209.6018168997;210.7104059625;188.2351012639;189.5204714096;174713045.38;3419542835.67;"2021-12-09T00:00:00.000Z"
198.1097489712;199.049046899;181.7534803207;183.9729451782;169057955.54;3319448088.97;"2021-12-13T00:00:00.000Z"
181.7763478562;185.3918524437;178.2030184607;181.1719945379;115827566.8;3269867455.61;"2021-12-18T00:00:00.000Z"
189.1692773716;194.3020163475;186.4506500282;190.6654062693;166257682.53;3441622095.37;"2021-12-22T00:00:00.000Z"
217.1803147896;236.5148516926;215.7598963908;220.4516645962;259902965.37;3979880588.39;"2021-12-27T00:00:00.000Z"
225.5824493875;234.0236612561;223.1843558397;228.8249566144;195595328.14;4131545841.44;"2021-12-31T00:00:00.000Z"
222.3307227253;224.8428356744;202.3249335599;207.3002242857;167830134.15;3743460428.13;"2022-01-05T00:00:00.000Z"
184.4243536702;194.3080770094;183.5095331065;190.5654830085;160397525.01;3441668449.95;"2022-01-09T00:00:00.000Z"
222.8715243747;230.2389254356;217.5440065139;229.3461461626;270672381.41;4142659208.09;"2022-01-14T00:00:00.000Z"
215.1397950935;217.4155416898;200.1728149054;204.4551183903;173747300.06;3693484969.27;"2022-01-18T00:00:00.000Z"
151.8435147637;158.5350226244;148.5883967745;156.3957456619;150684447.16;2825702764.73;"2022-01-23T00:00:00.000Z"
148.2930659085;149.1735098244;139.7002478415;144.4789806391;157131646.35;2610693583.98;"2022-01-27T00:00:00.000Z"
147.3398841698;148.0390652796;143.7417503989;146.1634849468;149547598.69;2641510133.9;"2022-02-01T00:00:00.000Z"
165.1268888076;169.9987183786;162.4169882244;168.6819307803;148837412.04;3048811066.53;"2022-02-05T00:00:00.000Z"
185.6355227376;187.1728712545;177.9814263133;179.4443240865;174283283.53;3243791689.15;"2022-02-10T00:00:00.000Z"
174.2258554868;177.1565100219;168.1428062254;176.2937804436;111550493.58;3187198538.21;"2022-02-14T00:00:00.000Z"
160.1284005945;165.2778991252;158.487304015;161.2851869529;148353177.23;2916263210.59;"2022-02-19T00:00:00.000Z"
150.8913470359;155.9081568712;148.7774425993;149.1206235199;103672213.04;2696607259.88;"2022-02-23T00:00:00.000Z"
150.6954507761;170.363680981;148.8873082533;170.1903054411;162762448.75;3078042867.97;"2022-02-28T00:00:00.000Z"
172.05468739;179.156968916;156.954818767;159.7134883506;186777427.37;2888874405.93;"2022-03-04T00:00:00.000Z"
204.6305458252;206.911602347;185.7330187774;188.7294838508;565027359.52;3414176170.28;"2022-03-09T00:00:00.000Z"
185.421535683;194.1896476452;175.0289741567;176.1702464916;242872455.62;3187316827.03;"2022-03-13T00:00:00.000Z"
187.8079985018;196.330005347;186.2719096128;195.1142009372;173515415.81;3530526077.16;"2022-03-18T00:00:00.000Z"
191.8227100756;197.9625030869;189.9392326517;193.8538963247;152700241.32;3508094660.34;"2022-03-22T00:00:00.000Z"
207.1978939073;215.6236558282;205.544084788;215.1116203176;157845714.69;3893306984.63;"2022-03-27T00:00:00.000Z"
221.5248768222;223.2079606431;211.740050621;212.700109132;148506330.43;3850064238.95;"2022-03-31T00:00:00.000Z"
221.9932669522;228.2527290794;218.7586555424;222.3912276544;192633447.62;4026009129.7;"2022-04-05T00:00:00.000Z"
217.0930815173;244.226745286;216.7581652435;240.2220244192;340161431.44;4349253464.7;"2022-04-09T00:00:00.000Z"
236.89601669;239.9969640148;224.3628459599;229.6327629443;175921002.37;4158069291.47;"2022-04-14T00:00:00.000Z"
241.2852750779;266.7681748616;234.524286395;266.5715459197;424808881.02;4827439645.03;"2022-04-18T00:00:00.000Z"
268.1840267952;278.794336717;262.8542838615;267.0013474632;230336098.15;4835842061.59;"2022-04-23T00:00:00.000Z"
229.4937792002;235.7076525155;221.9822679165;229.5142583105;235574089.74;4157300554;"2022-04-27T00:00:00.000Z"
212.6368120829;216.082434764;196.6760905898;198.6671627502;234496867.82;3599007315.76;"2022-05-02T00:00:00.000Z"
206.6363377208;217.4158747971;201.166529463;217.0057353376;204120727.36;3931615977.66;"2022-05-06T00:00:00.000Z"
162.9056377952;171.2702312343;138.4639843544;138.746157749;330581689.4;2514051118.58;"2022-05-11T00:00:00.000Z"
154.1266342671;172.4863034033;151.0707221569;171.679386802;190261455.47;3111103161.95;"2022-05-15T00:00:00.000Z"
165.8057420695;180.9513455356;163.5704254538;174.2225305458;234021412.75;3157575326.83;"2022-05-20T00:00:00.000Z"
185.141985382;196.0284047764;183.7590495745;193.0931588465;202501484.51;3499924885.38;"2022-05-24T00:00:00.000Z"
175.7232944614;188.0527290204;168.1634808364;186.0727122505;140346373.64;3373086895.36;"2022-05-29T00:00:00.000Z"
198.6111091361;203.5552412518;192.5891002186;201.395354511;173374487.58;3651200272.21;"2022-06-02T00:00:00.000Z"
189.5111620637;195.0586898593;180.1653623908;187.5677091026;131781619.04;3400919937.07;"2022-06-07T00:00:00.000Z"
173.8775018112;177.8618106651;161.2478411265;166.0951346151;122297730.43;3011876389.23;"2022-06-11T00:00:00.000Z"
118.059204611;120.7916377004;104.6307111595;106.4407721551;108453661.15;1930361795.59;"2022-06-16T00:00:00.000Z"
114.2014450386;117.6245752167;108.7844697888;117.297620669;91092101.63;2127460022.92;"2022-06-20T00:00:00.000Z"
126.4832021273;127.972264114;121.1275612475;127.4818669035;63867278.07;2312451763.87;"2022-06-25T00:00:00.000Z"
117.5113560661;124.5356982548;117.0989522934;118.6942628625;89781175.69;2153255789.19;"2022-06-29T00:00:00.000Z"
116.370835502;124.1331934669;115.0496609407;124.0155196332;72535863.67;2250053751.01;"2022-07-04T00:00:00.000Z"
130.4693271494;133.5478968392;125.6172176653;125.6172176653;81208946.2;2279332074.3;"2022-07-08T00:00:00.000Z"
123.1845396187;125.5420878005;117.8344558777;124.0190401702;91311917.92;2250600034.34;"2022-07-13T00:00:00.000Z"
139.0708860219;141.9205584684;134.9257017616;135.9535619018;75311844.56;2467411484.63;"2022-07-17T00:00:00.000Z"
151.0070638028;153.2591257092;148.4689703667;149.294673028;139084671.23;2709859848.46;"2022-07-22T00:00:00.000Z"
143.9264070157;151.0204959819;138.2391775078;151.0204959819;156063144.2;2741444100.35;"2022-07-26T00:00:00.000Z"
160.088857404;163.3667157835;154.8402599782;155.7088275411;158352419.38;2826820701.2;"2022-07-30T00:00:00.000Z"
156.6788178819;162.7668263843;156.3702477955;159.3355647039;105835155.1;2893007150.89;"2022-08-04T00:00:00.000Z"
164.8443419674;169.3727238635;162.6655152366;167.2013171557;132055216.09;3036116752.69;"2022-08-08T00:00:00.000Z"
166.218424613;168.2374154223;165.0931830814;166.4781881823;89014942.35;3023341546.26;"2022-08-13T00:00:00.000Z"
169.8799228354;170.4959813726;159.1862487042;168.4871397858;181835112.51;3060115723.08;"2022-08-17T00:00:00.000Z"
154.4841500784;154.6672986971;150.6124894187;153.890379953;100084496.15;2795334749.38;"2022-08-22T00:00:00.000Z"
154.1856965639;155.2443994665;141.6356428754;142.7108146603;114446697.41;2592510394.4;"2022-08-26T00:00:00.000Z"
148.7214687187;152.4444821961;148.4804201926;149.0278348434;83549696.98;2707590835.16;"2022-08-31T00:00:00.000Z"
154.3560460083;156.2200087858;153.6474260875;155.6311406614;64303551.31;2827833029.83;"2022-09-04T00:00:00.000Z"
152.175953162;159.7201688628;151.7656781506;159.7201688628;103665192.73;2902472903.4;"2022-09-09T00:00:00.000Z"
163.9535457092;165.2394932593;145.3336707989;145.669545144;129962276.34;2647398412.45;"2022-09-13T00:00:00.000Z"
147.7680076101;148.9765336405;138.2494095679;140.5291150866;92480384.06;2554278089.29;"2022-09-18T00:00:00.000Z"
135.5348299245;144.1685207922;134.1203981456;144.1685207922;84813632.41;2620674995.73;"2022-09-22T00:00:00.000Z"
145.7164941555;152.8920216056;143.1811980927;144.6130487473;96826191.4;2629066190.17;"2022-09-27T00:00:00.000Z"
147.3166503269;150.2343366106;140.7804120728;140.8728464022;60837078.46;2561314573.98;"2022-10-01T00:00:00.000Z"
146.2632485024;152.5147709655;143.5282063512;149.132083872;120777903.77;2711809171.4;"2022-10-06T00:00:00.000Z"
145.6861435611;147.7078639979;142.3285860772;142.3303217421;69531926.79;2588362362.46;"2022-10-10T00:00:00.000Z"
140.5057343271;141.7604635466;139.2435460534;139.5207278488;55760655.55;2537573257.18;"2022-10-15T00:00:00.000Z"
146.0993188666;148.4620862529;144.7968734022;145.0448389995;81641779.36;2638295510.5;"2022-10-19T00:00:00.000Z"
144.5016652094;144.7443383968;141.6018219983;143.2254221995;64894664.08;2605507899.4;"2022-10-24T00:00:00.000Z"
145.7521582623;148.1895921607;144.09036312;146.804562093;78888727.42;2670870919.19;"2022-10-28T00:00:00.000Z"
149.664126009;151.2226564728;145.0828180575;146.864078886;91845401.5;2672273158.63;"2022-11-02T00:00:00.000Z"
157.2626778062;160.3944283302;154.5690556989;154.9197748773;72323194.69;2819115543.56;"2022-11-06T00:00:00.000Z"
133.1915026862;134.3266658236;123.5355458808;128.0195652864;127218541.08;2329880552.35;"2022-11-11T00:00:00.000Z"
129.824866809;132.5089176105;127.7107389931;128.993076632;65958550.52;2347823183.65;"2022-11-15T00:00:00.000Z"
134.3670352241;134.3678523887;129.1202810194;129.8201232034;56089446.5;2363153060.01;"2022-11-20T00:00:00.000Z"
134.9041617305;137.2584681262;133.4075563851;136.7482404362;78831613.1;2489505266.75;"2022-11-24T00:00:00.000Z"
134.9637389189;139.635413373;134.3160115117;137.4988196777;77659770.41;2503469712.06;"2022-11-29T00:00:00.000Z"
145.4999110273;148.1871301016;143.796064739;145.3490258948;76654089.2;2646646856.2;"2022-12-03T00:00:00.000Z"
144.0055209268;148.3961379059;143.0214483276;147.6411708677;76057914.87;2688700995.89;"2022-12-08T00:00:00.000Z"
150.4456535836;151.9418860331;148.2074972494;150.5680208036;108543575.7;2742259028.86;"2022-12-12T00:00:00.000Z"
142.119917568;143.937531947;138.7657708371;143.4483823833;55942161.64;2612903717.14;"2022-12-17T00:00:00.000Z"
146.9951675731;148.7784498326;146.6004397942;147.3315654648;57307275.23;2683888837.26;"2022-12-21T00:00:00.000Z"
145.2540593684;147.2193783978;144.49243941;146.7788944576;58136568.6;2674136738.56;"2022-12-26T00:00:00.000Z"
145.6397191783;146.4309354689;144.4190051709;146.0196526333;66830281.77;2660561482.4;"2022-12-30T00:00:00.000Z"
148.4669926475;152.4889869258;148.3426250674;150.7436529991;83915181.38;2746955644.79;"2023-01-04T00:00:00.000Z"
155.8360119035;158.6391925074;154.2681594226;155.6488024181;84999072.77;2836608060.79;"2023-01-08T00:00:00.000Z"
167.0102446252;170.6102245304;164.2393269844;170.6060500936;87475476.99;3109563830.6;"2023-01-13T00:00:00.000Z"
167.8046305483;174.6224490892;165.7667194902;171.9368207149;85230569.74;3134117356.97;"2023-01-17T00:00:00.000Z"
172.7770116957;181.0366856394;172.6482884002;177.0237856931;68364082.25;3227229998.2;"2023-01-22T00:00:00.000Z"
173.3944979947;178.1270466011;171.1182678872;171.5839849759;88195092.45;3128352257.67;"2023-01-26T00:00:00.000Z"
176.0215251218;180.139304531;171.9639908152;177.5982289353;89898081.34;3238389361.05;"2023-01-31T00:00:00.000Z"
171.7878416095;174.8745344783;170.924697901;172.1533750091;48843377.13;3139404466.76;"2023-02-04T00:00:00.000Z"
165.5438515028;168.0901387114;150.9982927753;152.4596631791;109861482.52;2780594453.1;"2023-02-09T00:00:00.000Z"
159.3436886818;161.8618284242;153.8855203388;155.9498512359;106473889.01;2844526458.46;"2023-02-13T00:00:00.000Z"
159.8004292306;163.6757954009;158.8361282166;161.7265541758;64754844.99;2950237651.67;"2023-02-18T00:00:00.000Z"
159.5761468062;159.8131598349;155.9697849698;157.9601169557;69161124.42;2881801138.23;"2023-02-22T00:00:00.000Z"
151.3847311155;152.2205087388;146.5452152211;149.8233008943;61948954.45;2733687946.48;"2023-02-27T00:00:00.000Z"
151.0650397095;151.2494825379;141.2659674888;144.9054425749;70335340.94;2644194097;"2023-03-03T00:00:00.000Z"
150.3146326196;151.3954057351;143.6486374345;143.6486374345;77643407.49;2621565720.62;"2023-03-08T00:00:00.000Z"
141.2494485391;151.1274323524;140.509566505;150.9047217477;95149821.47;2754252716.89;"2023-03-12T00:00:00.000Z"
149.3065844286;154.5239707907;149.2833610638;153.9105433391;87483307.85;2809445109.32;"2023-03-17T00:00:00.000Z"
151.6545374898;156.7765428532;149.583990643;153.1663578908;107975687.34;2796124773.34;"2023-03-21T00:00:00.000Z"
160.0667189876;165.8298595653;158.9860926587;161.5665098804;71529859.75;2949822914.22;"2023-03-26T00:00:00.000Z"
158.9371386414;163.189551016;154.5714297308;155.2677189619;101354275.77;2835087087.81;"2023-03-30T00:00:00.000Z"
156.5437187242;159.5341745012;156.0803430211;158.7054587038;71572572.39;2898202959.49;"2023-04-04T00:00:00.000Z"
156.7672291959;159.0014679194;156.752299749;158.2855788224;67723770.74;2890809590.92;"2023-04-08T00:00:00.000Z"
162.1991472338;163.7994063609;161.5783432836;162.0936286492;76337594.33;2960704850.6;"2023-04-13T00:00:00.000Z"
163.6291894953;163.8020274294;159.5375365028;159.5622443361;80486638.5;2914706490.99;"2023-04-17T00:00:00.000Z"
151.2598889703;157.5498135717;150.4102497202;157.4999970983;66498680.48;2877413070.71;"2023-04-22T00:00:00.000Z"
159.7952993803;162.3941609129;152.4699311406;156.8851794377;83616281.89;2866452355.85;"2023-04-26T00:00:00.000Z"
156.3366866213;156.3366866213;151.1020488211;152.6058398857;61701247.61;2788591700.16;"2023-05-01T00:00:00.000Z"
155.4362600966;158.4786213353;154.842222672;158.2520214582;61856315.13;2892040474.21;"2023-05-05T00:00:00.000Z"
155.0489876929;156.1816520211;151.1524269711;153.7156033643;55766611.54;2809467860.98;"2023-05-10T00:00:00.000Z"
152.9963531942;154.1551671916;152.654975988;153.9666693568;33751329.95;2814324321.57;"2023-05-14T00:00:00.000Z"